default,account_check_status,duration_in_month,credit_history,purpose,credit_amount,savings,present_emp_since,installment_as_income_perc,personal_status_sex,other_debtors,present_res_since,property,age,other_installment_plans,housing,credits_this_2,job,people_under_maintenance,telephone,foreign_worker
0,1,6,4,4,1169,5,5,4,3,1,4,1,67,1,2,2,3,1,2,1
1,2,48,2,4,5951,1,3,2,2,1,2,1,22,1,2,1,3,1,1,1
0,4,12,4,7,2096,1,4,2,3,1,3,1,49,1,2,1,2,2,1,1
0,1,42,2,3,7882,1,4,2,3,3,4,2,45,4,3,1,3,2,4,1
1,1,24,3,0,4870,1,3,3,3,1,4,4,53,1,3,2,3,2,1,1
0,4,36,2,7,9055,5,3,2,3,1,4,4,35,1,3,1,2,2,2,1
0,4,24,2,3,2835,3,5,3,3,1,4,2,53,1,2,1,3,1,1,1
0,2,36,2,1,6948,1,3,2,3,1,2,3,35,1,1,1,4,1,2,1
0,4,12,2,4,3059,4,4,2,1,1,4,1,61,1,2,1,2,1,1,1
1,2,30,4,0,5234,1,1,4,4,1,2,3,28,1,2,2,4,1,1,1
1,2,12,2,0,1295,1,2,3,2,1,1,3,25,1,1,1,3,1,1,1
1,1,48,2,9,4308,1,2,3,2,1,4,2,24,1,1,1,3,1,1,1
0,2,12,2,4,1567,1,3,1,2,1,1,3,22,1,2,1,3,1,2,1
1,1,24,4,0,1199,1,5,4,3,1,4,3,60,1,2,2,2,1,1,1
0,1,15,2,0,1403,1,3,2,2,1,4,3,28,1,1,1,3,1,1,1
1,1,24,2,4,1282,2,3,4,2,1,2,3,32,1,2,1,2,1,1,1
0,4,24,4,4,2424,5,5,4,3,1,4,2,53,1,2,2,3,1,1,1
0,1,30,0,9,8072,5,2,2,3,1,3,3,25,2,2,3,3,1,1,1
1,2,24,2,1,12579,1,5,4,2,1,2,4,44,1,3,1,4,1,2,1
0,4,24,2,4,3430,3,5,3,3,1,2,3,31,1,2,1,3,2,2,1
0,4,9,4,0,2134,1,3,4,3,1,4,3,48,1,2,3,3,1,2,1
0,1,6,2,4,2647,3,3,2,3,1,3,1,44,1,1,1,3,2,1,1
0,1,10,4,0,2241,1,2,1,3,1,3,1,48,1,1,2,2,2,1,2
0,2,12,4,1,1804,2,2,3,3,1,4,2,44,1,2,1,3,1,1,1
0,4,10,4,3,2069,5,3,2,4,1,1,3,26,1,2,2,3,1,1,2
0,1,6,2,3,1374,1,3,1,3,1,2,1,36,2,2,1,2,1,2,1
0,4,6,0,4,426,1,5,4,4,1,4,3,39,1,2,1,2,1,1,1
0,3,12,1,4,409,4,3,3,2,1,3,1,42,1,1,2,3,1,1,1
0,2,7,2,4,2415,1,3,3,3,3,2,1,34,4,2,1,3,1,4,1
1,1,60,3,9,6836,1,5,3,3,1,4,4,63,1,2,2,3,1,2,1
0,2,18,2,9,1913,4,2,3,4,1,3,1,36,2,2,1,3,1,2,1
0,1,24,2,3,4020,1,3,2,3,1,2,3,27,3,2,1,3,1,1,1
0,2,18,2,0,5866,2,3,2,3,1,2,3,30,1,2,2,3,1,2,1
0,4,12,4,9,1264,5,5,4,3,1,4,4,57,1,1,1,2,1,1,1
0,3,12,2,3,1474,1,2,4,2,1,1,2,33,2,2,1,4,1,2,1
1,2,45,4,4,4746,1,2,4,3,1,2,2,25,1,2,2,2,1,1,1
0,4,48,4,7,6110,1,3,1,3,1,3,4,31,2,3,1,3,1,2,1
1,3,18,2,4,2100,1,3,4,3,2,2,1,37,3,2,1,3,1,0,1
0,3,10,2,5,1225,1,3,2,3,1,2,3,37,1,2,1,3,1,2,1
0,2,9,2,4,458,1,3,4,3,1,3,1,24,1,2,1,3,1,1,1
0,4,30,2,4,2333,3,5,4,3,1,2,3,30,2,2,1,4,1,1,1
0,2,12,2,4,1158,3,3,3,1,1,1,3,26,1,2,1,3,1,2,1
0,2,18,3,6,6204,1,3,2,3,1,4,1,44,1,2,1,2,2,2,1
0,1,30,4,1,6187,2,4,1,4,1,4,3,24,1,1,2,3,1,1,1
1,1,48,4,1,6143,1,5,4,2,1,4,4,58,3,3,2,2,1,1,1
0,4,11,4,0,1393,1,2,4,2,1,4,3,35,1,2,2,4,1,1,1
0,4,36,2,4,2299,3,5,4,3,1,4,3,39,1,2,1,3,1,1,1
0,1,6,2,1,1352,3,1,1,2,1,2,2,23,1,1,1,1,1,2,1
0,4,11,4,0,7228,1,3,1,3,1,4,2,39,1,2,2,2,1,1,1
0,4,12,2,4,2073,2,3,4,2,2,2,1,28,4,2,1,3,1,4,1
0,2,24,3,3,2333,5,2,4,3,1,2,2,29,2,2,1,2,1,1,1
0,2,27,3,1,5965,1,5,1,3,1,2,3,30,1,2,2,4,1,2,1
0,4,12,2,4,1262,1,3,3,3,1,2,3,25,1,2,1,3,1,1,1
0,4,18,2,1,3378,5,3,2,3,1,1,2,31,1,2,1,3,1,2,1
1,2,36,3,0,2225,1,5,4,3,1,4,4,57,2,3,2,3,1,2,1
0,4,6,1,0,783,5,3,1,3,3,2,1,26,3,2,1,2,2,0,1
1,2,12,2,4,6468,5,1,2,3,1,1,4,52,1,2,1,4,1,2,1
0,4,36,4,4,9566,1,3,2,2,1,2,3,31,3,2,2,3,1,1,1
0,3,18,2,0,1961,1,5,3,2,1,2,3,23,1,2,1,4,1,1,1
1,1,36,4,3,6229,1,2,4,2,2,4,4,23,4,1,2,2,1,2,1
0,2,9,2,9,1391,1,3,2,4,1,1,1,27,2,2,1,3,1,2,1
0,2,15,4,4,1537,5,5,4,3,3,4,1,50,4,2,2,3,1,2,1
1,2,36,0,9,1953,1,5,4,3,1,4,4,61,1,3,1,4,1,2,1
1,2,48,0,9,14421,1,3,2,3,1,2,3,25,1,2,1,3,1,2,1
0,4,24,2,4,3181,1,2,4,2,1,4,2,26,1,2,1,3,1,2,1
0,4,27,2,6,5190,5,5,4,3,1,4,2,48,1,2,4,3,2,2,1
0,4,12,2,4,2171,1,2,2,2,1,2,3,29,2,2,1,3,1,1,1
0,2,12,2,0,1007,4,3,4,4,1,1,1,22,1,2,1,3,1,1,1
1,4,36,2,7,1819,1,3,4,3,1,4,4,37,3,3,1,3,1,2,1
0,4,36,2,4,2394,5,3,4,2,1,4,3,25,1,2,1,3,1,1,1
0,4,36,2,1,8133,1,3,1,2,1,2,2,30,2,2,1,3,1,1,1
0,4,7,4,4,730,5,5,4,3,1,2,2,46,1,1,2,2,1,2,1
0,1,8,4,2,1164,1,5,3,3,1,4,4,51,2,3,2,4,2,2,1
0,2,42,4,9,5954,1,4,2,2,1,1,1,41,2,2,2,2,1,1,1
1,1,36,2,7,1977,5,5,4,3,1,4,4,40,1,2,1,4,1,2,1
0,1,12,4,1,1526,1,5,4,3,1,4,4,66,1,3,2,4,1,1,1
1,1,42,2,4,3965,1,2,4,3,1,3,3,34,1,2,1,3,1,1,1
0,2,11,3,4,4771,1,4,2,3,1,4,2,51,1,2,1,3,1,1,1
0,4,54,0,1,9436,5,3,2,3,1,2,2,39,1,2,1,2,2,1,1
0,2,30,2,3,3832,1,2,2,4,1,1,2,22,1,2,1,3,1,1,1
1,4,24,2,4,5943,5,2,1,2,1,1,3,44,1,2,2,3,1,2,1
0,4,15,2,4,1213,3,5,4,3,1,3,2,47,3,2,1,3,1,2,1
0,4,18,2,9,1568,2,3,3,2,1,4,2,24,1,1,1,2,1,1,1
0,1,24,2,2,1755,1,5,4,2,3,4,1,58,4,2,1,2,1,2,1
0,1,10,2,4,2315,1,5,3,3,1,4,1,52,1,2,1,2,1,1,1
0,4,12,4,9,1412,1,3,4,2,3,2,1,29,4,2,2,4,1,2,1
0,2,18,4,3,1295,1,2,4,2,1,1,2,27,1,2,2,3,1,1,1
1,2,36,2,7,12612,2,3,1,3,1,4,4,47,1,3,1,3,2,2,1
0,1,18,2,0,2249,2,4,4,3,1,3,3,30,1,2,1,4,2,2,1
1,1,12,0,6,1108,1,4,4,3,1,3,1,28,1,2,2,3,1,1,1
0,4,12,4,4,618,1,5,4,3,1,4,1,56,1,2,1,3,1,1,1
0,1,12,4,1,1409,1,5,4,3,1,3,1,54,1,2,1,3,1,1,1
1,4,12,4,4,797,5,5,4,2,1,3,2,33,2,2,1,2,2,1,1
0,3,24,4,3,3617,5,5,4,3,2,4,4,20,4,1,2,3,1,4,1
0,2,12,2,0,1318,4,5,4,3,1,4,1,54,1,2,1,3,1,2,1
1,2,54,0,9,15945,1,2,3,3,1,4,4,58,1,1,1,3,1,2,1
0,4,12,4,7,2012,5,4,4,2,1,2,3,61,1,2,1,3,1,1,1
0,2,18,2,9,2622,2,3,4,3,1,4,3,34,1,2,1,3,1,1,1
0,2,36,4,4,2337,1,5,4,3,1,4,1,36,1,2,1,3,1,1,1
0,2,20,3,1,7057,5,4,3,3,1,4,2,36,2,1,2,4,2,2,1
0,4,24,2,0,1469,2,5,4,4,1,4,1,41,1,1,1,2,1,1,1
0,2,36,2,4,2323,1,4,4,3,1,4,3,24,1,1,1,3,1,1,1
0,4,6,3,4,932,1,3,3,2,1,2,1,24,1,2,1,3,1,1,1
0,2,9,4,3,1919,1,4,4,3,1,3,3,35,1,1,1,3,1,2,1
0,4,12,2,1,2445,5,2,2,4,1,4,3,26,1,1,1,3,1,2,1
1,2,24,4,2,11938,1,3,2,3,2,3,3,39,4,2,2,4,2,2,1
1,4,18,1,0,6458,1,5,2,3,1,4,4,39,2,2,2,4,2,2,1
0,2,12,2,0,6078,1,4,2,3,1,2,3,32,1,2,1,3,1,1,1
0,1,24,2,3,7721,5,2,1,2,1,2,2,30,1,2,1,3,1,2,2
0,2,14,2,9,1410,3,5,1,4,1,2,1,35,1,2,1,3,1,2,1
0,2,6,3,9,1449,2,5,1,1,1,2,3,31,2,2,2,3,2,1,1
0,3,15,2,7,392,1,2,4,2,1,4,2,23,1,1,1,3,1,2,1
0,2,18,2,0,6260,1,4,3,3,1,3,1,28,1,1,1,2,1,1,1
1,4,36,4,0,7855,1,3,4,2,1,2,1,25,3,2,2,3,1,2,1
0,1,12,2,4,1680,3,5,3,4,1,1,1,35,1,2,1,3,1,1,1
0,4,48,4,4,3578,5,5,4,3,1,1,1,47,1,2,1,3,1,2,1
1,1,42,2,4,7174,5,4,4,2,1,3,3,30,1,2,1,4,1,2,1
0,1,10,4,3,2132,5,2,2,2,2,3,1,27,4,1,2,3,1,4,2
1,1,33,4,3,4281,3,3,1,2,1,4,3,23,1,2,2,3,1,1,1
0,2,12,4,0,2366,3,4,3,1,1,3,3,36,1,2,1,4,1,2,1
1,1,21,2,4,1835,1,3,3,2,1,2,1,25,1,2,2,3,1,2,1
0,4,24,4,1,3868,1,5,4,2,1,2,3,41,1,1,2,4,1,2,1
0,4,12,2,3,1768,1,3,3,3,1,2,1,24,1,1,1,2,1,1,1
0,3,10,4,0,781,1,5,4,3,1,4,4,63,1,3,2,3,1,2,1
1,2,18,2,3,1924,5,2,4,2,1,3,1,27,1,1,1,3,1,1,1
0,1,12,4,0,2121,1,3,4,3,1,2,2,30,1,2,2,3,1,1,1
0,1,12,2,4,701,1,3,4,4,1,2,1,40,1,2,1,2,1,1,1
1,2,12,2,6,639,1,3,4,3,1,2,3,30,1,2,1,3,1,1,1
0,2,12,4,1,1860,1,1,4,3,1,2,3,34,1,2,2,4,1,2,1
1,1,12,4,0,3499,1,3,3,2,2,2,1,29,4,2,2,3,1,4,1
0,2,48,2,0,8487,5,4,1,2,1,2,3,24,1,2,1,3,1,1,1
1,1,36,3,7,6887,1,3,4,3,1,3,2,29,3,2,1,3,1,2,1
0,4,15,2,3,2708,1,2,2,3,1,3,2,27,2,2,2,2,1,1,1
0,4,18,2,3,1984,1,3,4,3,1,4,4,47,2,3,2,3,1,1,1
0,4,60,2,4,10144,2,4,2,2,1,4,1,21,1,2,1,3,1,2,1
0,4,12,4,4,1240,5,5,4,2,1,2,1,38,1,2,2,3,1,2,1
0,4,27,3,1,8613,4,3,2,3,1,2,3,27,1,2,2,3,1,1,1
1,2,12,2,4,766,3,3,4,3,1,3,1,66,1,2,1,2,1,1,1
0,2,15,4,4,2728,5,4,4,3,3,2,1,35,2,2,3,3,1,2,1
0,3,12,2,4,1881,1,3,2,2,1,2,3,44,1,1,1,2,1,2,1
0,3,6,2,0,709,4,2,2,4,1,2,1,27,1,2,1,1,1,1,2
0,2,36,2,4,4795,1,2,4,2,1,1,4,30,1,2,1,4,1,2,1
0,1,27,2,4,3416,1,3,3,3,1,2,3,27,1,2,1,4,1,1,1
1,1,18,2,3,2462,1,3,2,3,1,2,3,22,1,2,1,3,1,1,1
0,4,21,4,3,2288,1,2,4,2,1,4,2,23,1,2,1,3,1,2,1
0,2,48,1,9,3566,2,4,4,3,1,2,3,30,1,2,1,3,1,1,1
0,1,6,4,0,860,1,5,1,2,1,4,4,39,1,2,2,3,1,2,1
0,4,12,4,0,682,2,4,4,2,1,3,3,51,1,2,2,3,1,2,1
0,1,36,4,3,5371,1,3,3,3,3,2,2,28,4,2,2,3,1,4,1
0,4,18,4,4,1582,4,5,4,3,1,4,3,46,1,2,2,3,1,1,1
0,4,6,2,4,1346,2,5,2,3,1,4,4,42,2,3,1,3,2,2,1
0,4,10,2,4,1924,1,3,1,3,1,4,2,38,1,2,1,3,1,2,2
0,3,36,2,4,5848,1,3,4,3,1,1,3,24,1,2,1,3,1,1,1
0,2,24,4,1,7758,4,5,2,2,1,4,4,29,1,1,1,3,1,1,1
0,2,24,3,9,6967,2,4,4,3,1,4,3,36,1,1,1,4,1,2,1
1,1,12,2,3,1282,1,3,2,2,1,4,3,20,1,1,1,3,1,1,1
0,1,9,4,6,1288,2,5,3,3,3,4,1,48,4,2,2,3,2,4,2
0,1,12,1,8,339,1,5,4,4,1,1,3,45,2,2,1,2,1,1,1
0,2,24,2,0,3512,2,4,2,3,1,3,3,38,2,2,2,3,1,2,1
0,4,6,4,4,1898,5,3,1,3,1,2,1,34,1,2,2,2,2,1,1
0,4,24,4,4,2872,2,5,3,3,1,4,1,36,1,2,1,3,2,2,1
0,4,18,4,0,1055,1,2,4,2,1,1,2,30,1,2,2,3,1,1,1
0,4,15,2,5,1262,3,4,4,3,1,3,2,36,1,2,2,3,1,2,1
0,2,10,2,0,7308,1,1,2,3,1,4,4,70,2,3,1,4,1,2,1
0,4,36,2,0,909,3,5,4,3,1,4,2,36,1,2,1,3,1,1,1
0,4,6,2,3,2978,3,3,1,3,1,2,3,32,1,2,1,3,1,2,1
1,1,18,2,3,1131,1,1,4,2,1,2,3,33,1,2,1,3,1,1,1
0,2,11,2,3,1577,4,2,4,2,1,1,1,20,1,2,1,3,1,1,1
0,4,24,2,3,3972,1,4,2,2,1,4,2,25,1,1,1,3,1,2,1
1,2,24,4,9,1935,1,5,4,1,1,4,1,31,1,2,2,3,1,2,1
1,1,15,0,0,950,1,5,4,3,1,3,3,33,1,1,2,3,2,1,1
0,4,12,2,3,763,1,3,4,2,1,1,1,26,1,2,1,3,1,2,1
1,2,24,3,3,2064,1,1,3,2,1,2,2,34,1,2,1,4,1,2,1
0,2,8,2,4,1414,1,3,4,3,3,2,1,33,4,2,1,3,1,4,2
1,1,21,3,7,3414,1,2,2,3,1,1,2,26,1,2,2,3,1,1,1
1,4,30,1,1,7485,5,1,4,2,1,1,1,53,2,2,1,4,1,2,1
0,1,12,2,3,2577,1,3,2,1,1,1,3,42,1,2,1,3,1,1,1
0,1,6,4,4,338,3,5,4,3,1,4,3,52,1,2,2,3,1,1,1
0,4,12,2,4,1963,1,4,4,3,1,2,3,31,1,1,2,4,2,2,1
0,1,21,4,0,571,1,5,4,3,1,4,1,65,1,2,2,3,1,1,1
1,4,36,3,9,9572,1,2,1,1,1,1,3,28,1,2,2,3,1,1,1
1,2,36,3,9,4455,1,3,2,1,1,2,1,30,3,2,2,4,1,2,1
1,1,21,1,0,1647,5,3,4,3,1,2,2,40,1,2,2,2,2,1,1
0,4,24,4,3,3777,4,3,4,3,1,4,1,50,1,2,1,3,1,2,1
1,2,18,4,0,884,1,5,4,3,1,4,3,36,2,2,1,3,2,2,1
0,4,15,4,4,1360,1,3,4,3,1,2,2,31,1,2,2,3,1,1,1
1,2,9,1,1,5129,1,5,2,2,1,4,4,74,2,3,1,4,2,2,1
0,2,16,4,0,1175,1,1,2,3,1,3,3,68,1,3,3,1,1,2,1
1,1,12,2,4,674,2,4,4,4,1,1,2,20,1,2,1,3,1,1,1
0,2,18,0,3,3244,1,3,1,2,1,4,3,33,2,2,2,3,1,2,1
1,4,24,2,9,4591,4,3,2,3,1,3,2,54,1,2,3,4,1,2,1
1,2,48,0,9,3844,2,4,4,3,1,4,4,34,1,3,1,2,2,1,1
1,2,27,2,9,3915,1,3,4,3,1,2,3,36,1,2,1,3,2,2,1
0,4,6,2,4,2108,1,4,2,4,1,2,1,29,1,1,1,3,1,1,1
1,2,45,2,4,3031,2,3,4,3,3,4,2,21,4,1,1,3,1,4,1
1,2,9,4,7,1501,1,5,2,2,1,3,3,34,1,2,2,4,1,2,1
0,4,6,4,4,1382,1,3,1,2,1,1,3,28,1,2,2,3,1,2,1
1,2,12,2,3,951,2,2,4,2,1,4,3,27,2,1,4,3,1,1,1
0,2,24,2,1,2760,5,5,4,3,1,4,4,36,2,3,1,3,1,2,1
1,2,18,3,3,4297,1,5,4,1,1,3,4,40,1,2,1,4,1,2,1
0,4,9,4,7,936,3,5,4,3,1,2,3,52,1,2,2,3,1,2,1
0,1,12,2,0,1168,1,3,4,4,1,3,1,27,1,2,1,2,1,1,1
0,4,27,3,9,5117,1,4,3,3,1,4,3,26,1,2,2,3,1,1,1
1,1,12,2,8,902,1,4,4,4,1,4,2,21,1,1,1,3,1,1,1
0,4,12,4,0,1495,1,5,4,3,1,1,1,38,1,2,2,2,2,1,1
0,1,30,4,1,10623,1,5,3,3,1,4,4,38,1,3,3,4,2,2,1
0,4,12,4,3,1935,1,5,4,3,1,4,1,43,1,2,3,3,1,2,1
0,2,12,4,5,1424,1,4,4,3,1,3,2,26,1,2,1,3,1,1,1
0,1,24,2,9,6568,1,3,2,4,1,2,3,21,3,2,1,2,1,1,1
0,4,12,2,1,1413,4,4,3,3,1,2,2,55,1,2,1,3,1,1,2
0,4,9,4,4,3074,5,3,1,3,1,2,1,33,1,2,2,3,2,1,1
0,4,36,2,4,3835,5,5,2,2,1,4,1,45,1,2,1,2,1,2,1
1,1,27,0,9,5293,1,1,2,3,1,4,2,50,3,2,2,3,1,2,1
1,3,30,3,9,1908,1,5,4,3,1,4,1,66,1,2,1,4,1,2,1
0,4,36,4,4,3342,5,5,4,3,1,2,3,51,1,2,1,3,1,2,1
0,2,6,4,8,932,5,4,1,2,1,3,2,39,1,2,2,2,1,1,1
0,1,18,0,9,3104,1,4,3,3,1,1,2,31,2,2,1,3,1,2,1
0,3,36,2,4,3913,1,3,2,3,1,2,1,23,1,2,1,3,1,2,1
0,1,24,2,3,3021,1,3,2,1,1,2,1,24,1,1,1,2,1,1,1
0,4,10,2,0,1364,1,3,2,2,1,4,3,64,1,2,1,3,1,2,1
0,2,12,2,4,625,1,2,4,4,3,1,1,26,2,2,1,2,1,0,1
0,1,12,2,7,1200,5,3,4,2,1,4,2,23,2,1,1,3,1,2,1
0,4,12,2,4,707,1,3,4,3,1,2,1,30,2,2,2,3,1,1,1
0,4,24,3,9,2978,5,3,4,3,1,4,1,32,1,2,2,3,2,2,1
0,4,15,2,1,4657,1,3,3,3,1,2,3,30,1,2,1,3,1,2,1
0,4,36,0,6,2613,1,3,4,3,1,2,3,27,1,2,2,3,1,1,1
1,2,48,2,4,10961,4,4,1,3,2,2,4,27,2,2,2,3,1,2,1
1,1,12,2,3,7865,1,5,4,3,1,4,4,53,1,3,1,4,1,2,1
1,4,9,2,4,1478,1,4,4,3,1,2,3,22,1,2,1,3,1,1,1
0,1,24,2,3,3149,1,2,4,3,1,1,4,22,2,3,1,3,1,1,1
1,3,36,2,4,4210,1,3,4,3,1,2,3,26,1,2,1,3,1,1,1
0,4,9,2,0,2507,3,5,2,3,1,4,4,51,1,3,1,2,1,1,1
0,4,12,2,4,2141,2,4,3,3,1,1,4,35,1,2,1,3,1,1,1
0,2,18,2,4,866,1,3,4,4,3,2,1,25,4,2,1,2,1,4,1
0,4,4,4,4,1544,1,4,2,3,1,1,1,42,1,2,3,2,2,1,1
1,1,24,2,4,1823,1,1,4,3,1,2,3,30,3,2,1,4,2,1,1
1,2,6,2,0,14555,5,1,1,3,1,2,2,23,1,2,1,1,1,2,1
1,2,21,2,9,2767,2,5,4,1,1,2,3,61,2,1,2,2,1,1,1
0,4,12,4,4,1291,1,3,4,2,1,2,2,35,1,2,2,3,1,1,1
0,1,30,2,4,2522,1,5,1,3,3,3,2,39,4,2,1,3,2,4,1
1,1,24,2,0,915,5,5,4,2,1,2,3,29,2,2,1,3,1,1,1
0,4,6,2,4,1595,1,4,3,3,1,2,2,51,1,2,1,3,2,1,1
1,1,48,0,1,4605,1,5,3,3,1,4,4,24,1,3,2,3,2,1,1
0,4,12,4,9,1185,1,3,3,2,1,2,1,27,1,2,2,3,1,1,1
0,4,12,1,8,3447,3,3,4,2,1,3,1,35,1,2,1,2,2,1,1
0,4,24,2,9,1258,1,4,4,3,1,1,1,25,1,2,1,3,1,2,1
0,4,12,4,4,717,1,5,4,3,1,4,1,52,1,2,3,3,1,1,1
0,4,6,0,0,1204,2,3,4,3,1,1,4,35,2,1,1,3,1,1,2
0,3,24,2,3,1925,1,3,2,3,1,2,1,26,1,2,1,3,1,1,1
1,4,18,2,4,433,1,1,3,2,2,4,1,22,4,1,1,3,1,4,1
0,1,6,4,0,666,4,4,3,2,1,4,1,39,1,2,2,2,1,2,1
0,3,12,2,3,2251,1,3,1,2,1,2,3,46,1,2,1,2,1,1,1
1,2,30,2,0,2150,1,3,4,2,3,2,4,24,2,2,1,3,1,0,1
0,4,24,3,3,4151,2,3,2,3,1,3,2,35,1,2,2,3,1,1,1
0,2,9,2,3,2030,5,4,2,3,1,1,3,24,1,2,1,3,1,2,1
0,2,60,3,4,7418,5,3,1,3,1,1,1,27,1,2,1,2,1,1,1
0,4,24,4,4,2684,1,3,4,3,1,2,1,35,1,2,2,2,1,1,1
1,1,12,1,4,2149,1,3,4,1,1,1,4,29,1,3,1,3,1,1,1
0,4,15,2,1,3812,2,2,1,2,1,4,3,23,1,2,1,3,1,2,1
0,4,11,4,4,1154,2,1,4,2,1,4,1,57,1,2,3,2,1,1,1
0,1,12,2,3,1657,1,3,2,3,1,2,1,27,1,2,1,3,1,1,1
0,1,24,2,4,1603,1,5,4,2,1,4,3,55,1,2,1,3,1,1,1
0,1,18,4,0,5302,1,5,2,3,1,4,4,36,1,3,3,4,1,2,1
0,4,12,4,7,2748,1,5,2,2,1,4,4,57,2,3,3,2,1,1,1
0,4,10,4,0,1231,1,5,3,3,1,4,1,32,1,2,2,2,2,1,2
1,2,15,2,4,802,1,5,4,3,1,3,3,37,1,2,1,3,2,1,1
0,4,36,4,9,6304,5,5,4,3,1,4,1,36,1,2,2,3,1,1,1
0,4,24,2,4,1533,1,2,4,2,1,3,3,38,3,2,1,3,1,2,1
1,1,14,2,0,8978,1,5,1,1,1,4,2,45,1,2,1,4,1,2,2
0,4,24,2,4,999,5,5,4,3,1,2,3,25,1,2,2,3,1,1,1
0,4,18,2,0,2662,5,4,4,3,1,3,2,32,1,2,1,3,1,1,2
0,4,12,4,3,1402,3,4,3,2,1,4,3,37,1,1,1,3,1,2,1
0,2,48,1,0,12169,5,1,4,3,2,4,4,36,4,3,1,4,1,2,1
1,2,48,2,4,3060,1,4,4,3,1,4,1,28,1,2,2,3,1,1,1
1,1,30,2,6,11998,1,2,1,1,1,1,4,34,1,2,1,2,1,2,1
0,4,9,2,4,2697,1,3,1,3,1,2,1,32,1,2,1,3,2,1,1
0,4,18,4,4,2404,1,3,2,2,1,2,3,26,1,2,2,3,1,1,1
0,1,12,2,3,1262,5,5,2,1,1,4,2,49,1,2,1,2,1,2,1
1,4,6,2,3,4611,1,2,1,2,1,4,2,32,1,2,1,3,1,1,1
0,4,24,2,4,1901,2,3,4,3,1,4,3,29,1,1,1,4,1,2,1
0,4,15,4,1,3368,4,5,3,3,1,4,4,23,1,1,2,3,1,2,1
0,4,12,2,3,1574,1,3,4,3,1,2,1,50,1,2,1,3,1,1,1
0,3,18,1,4,1445,5,4,4,3,1,4,3,49,2,2,1,2,1,1,1
0,4,15,4,3,1520,5,5,4,3,1,4,2,63,1,2,1,3,1,1,1
0,2,24,4,0,3878,2,2,4,1,1,2,3,37,1,2,1,3,1,2,1
0,1,47,2,0,10722,1,2,1,2,1,1,1,35,1,2,1,2,1,2,1
0,1,48,2,1,4788,1,4,4,3,1,3,2,26,1,2,1,3,2,1,1
0,2,48,3,2,7582,2,1,2,3,1,4,4,31,1,3,1,4,1,2,1
0,2,12,2,4,1092,1,3,4,2,3,4,1,49,4,2,2,3,1,2,1
1,1,24,3,4,1024,1,2,4,4,1,4,1,48,3,2,1,3,1,1,1
0,4,12,2,9,1076,1,3,2,4,1,2,1,26,1,2,1,3,1,2,2
1,2,36,2,1,9398,1,2,1,4,1,4,3,28,1,1,1,4,1,2,1
0,1,24,4,1,6419,1,5,2,2,1,4,4,44,1,3,2,4,2,2,1
0,3,42,4,1,4796,1,5,4,3,1,4,4,56,1,3,1,3,1,1,1
0,4,48,4,9,7629,5,5,4,1,1,2,3,46,2,2,2,4,2,1,1
1,2,48,2,3,9960,1,2,1,2,1,2,3,26,1,2,1,3,1,2,1
0,4,12,2,1,4675,5,2,1,2,1,4,3,20,1,1,1,3,1,1,1
0,4,10,2,0,1287,5,5,4,3,2,2,2,45,4,2,1,2,1,4,2
0,4,18,2,3,2515,1,3,3,3,1,4,1,43,1,2,1,3,1,2,1
0,2,21,4,3,2745,4,4,3,3,1,2,3,32,1,2,2,3,1,2,1
0,4,6,2,0,672,1,1,1,2,1,4,1,54,1,2,1,1,1,2,1
1,2,36,0,4,3804,1,3,4,2,1,1,3,42,1,2,1,3,1,2,1
1,3,24,4,0,1344,5,4,4,3,1,2,1,37,2,2,2,2,2,1,1
0,1,10,4,0,1038,1,4,4,3,2,3,2,49,4,2,2,3,1,2,1
1,4,48,4,0,10127,3,3,2,3,1,2,4,44,2,3,1,3,1,1,1
0,4,6,2,3,1543,4,3,4,1,1,2,1,33,1,2,1,3,1,1,1
0,4,30,2,1,4811,5,4,2,2,1,4,2,24,3,1,1,2,1,1,1
1,1,12,2,4,727,2,2,4,4,1,3,4,33,1,2,1,2,1,2,1
1,2,8,2,3,1237,1,3,3,2,1,4,1,24,1,2,1,3,1,1,1
0,2,9,2,0,276,1,3,4,4,1,4,1,22,1,1,1,2,1,1,1
0,2,48,2,2,5381,5,1,3,3,1,4,4,40,2,3,1,1,1,2,1
0,4,24,2,3,5511,2,3,4,3,1,1,3,25,3,2,1,3,1,1,1
0,3,24,2,3,3749,1,2,2,2,1,4,3,26,1,2,1,3,1,1,1
1,2,12,2,0,685,1,4,2,4,1,3,3,25,2,2,1,2,1,1,1
0,3,4,2,0,1494,5,2,1,3,1,2,1,29,1,2,1,2,2,1,2
1,1,36,1,3,2746,1,5,4,3,1,4,3,31,2,2,1,3,1,1,1
0,1,12,2,3,708,1,3,2,3,3,3,2,38,4,2,1,2,2,4,1
0,2,24,2,3,4351,5,3,1,2,1,4,2,48,1,2,1,2,1,2,1
0,4,12,4,7,701,1,3,4,3,1,2,3,32,1,2,2,3,1,1,1
0,1,15,3,3,3643,1,5,1,2,1,4,2,27,1,2,2,2,1,1,1
1,2,30,4,0,4249,1,1,4,4,1,2,3,28,1,2,2,4,1,1,1
1,1,24,2,4,1938,1,2,4,1,1,3,2,32,1,2,1,3,1,1,1
0,1,24,2,1,2910,1,4,2,3,1,1,4,34,1,3,1,4,1,2,1
0,1,18,2,3,2659,4,3,4,3,1,2,3,28,1,2,1,3,1,1,1
0,4,18,4,0,1028,1,3,4,2,1,3,1,36,1,2,2,3,1,1,1
0,1,8,4,0,3398,1,4,1,3,1,4,1,39,1,2,2,2,1,1,2
0,4,12,4,3,5801,5,5,2,3,1,4,2,49,1,1,1,3,1,2,1
0,4,24,2,0,1525,4,4,4,2,1,3,3,34,1,2,1,3,2,2,1
0,3,36,2,4,4473,1,5,4,3,1,2,3,31,1,2,1,3,1,1,1
0,2,6,2,4,1068,1,5,4,3,1,4,3,28,1,2,1,3,2,1,1
0,1,24,4,1,6615,1,1,2,3,1,4,4,75,1,3,2,4,1,2,1
1,4,18,4,7,1864,2,3,4,2,1,2,1,30,1,2,2,3,1,1,1
1,2,60,2,0,7408,2,2,4,2,1,2,2,24,1,2,1,4,1,1,1
1,4,48,4,1,11590,2,3,2,2,1,4,3,24,2,1,2,2,1,1,1
1,1,24,0,3,4110,1,5,3,3,1,4,4,23,2,1,2,3,2,1,1
1,1,6,4,3,3384,1,3,1,1,1,4,1,44,1,1,1,4,1,2,1
0,2,13,2,4,2101,1,2,2,2,3,4,2,23,4,2,1,2,1,4,1
1,1,15,2,5,1275,5,3,4,2,1,2,3,24,1,1,1,3,1,1,1
0,1,24,2,3,4169,1,3,4,3,1,4,2,28,1,2,1,3,1,1,1
0,2,10,2,3,1521,1,3,4,1,1,2,3,31,1,2,1,2,1,1,1
0,2,24,4,7,5743,1,2,2,2,1,4,4,24,1,3,2,3,1,2,1
0,1,21,2,3,3599,1,4,1,2,1,4,3,26,1,1,1,2,1,1,1
0,2,18,2,4,3213,3,2,1,4,1,3,1,25,1,1,1,3,1,1,1
0,2,18,2,9,4439,1,5,1,3,2,1,1,33,2,2,1,4,1,2,1
0,3,10,2,0,3949,1,2,1,3,3,1,2,37,4,2,1,2,2,4,1
0,4,15,4,4,1459,1,3,4,2,1,2,3,43,1,2,1,2,1,1,1
0,2,13,4,4,882,1,2,4,3,3,4,1,23,4,2,2,3,1,4,1
0,2,24,2,4,3758,3,1,1,2,1,4,4,23,1,1,1,1,1,1,1
0,4,6,3,9,1743,2,3,1,3,1,2,1,34,1,2,2,2,1,1,1
1,2,9,4,7,1136,4,5,4,3,1,3,4,32,1,3,2,3,2,1,1
0,4,9,2,5,1236,1,2,1,2,1,4,1,23,1,1,1,3,1,2,1
1,2,9,2,3,959,1,3,1,2,1,2,3,29,1,2,1,3,1,1,2
0,4,18,4,1,3229,5,1,2,3,1,4,4,38,1,2,1,4,1,2,1
1,1,12,0,4,6199,1,3,4,3,1,2,2,28,1,1,2,3,1,2,1
0,4,10,2,7,727,3,5,4,3,1,4,4,46,1,3,1,3,1,2,1
1,2,24,2,0,1246,1,2,4,3,1,2,1,23,3,2,1,2,1,1,1
0,4,12,4,4,2331,5,5,1,3,2,4,1,49,4,2,1,3,1,2,1
1,4,36,3,4,4463,1,3,4,3,1,2,3,26,1,2,2,4,1,2,1
0,4,12,2,4,776,1,3,4,4,1,2,1,28,1,2,1,3,1,1,1
1,1,30,2,3,2406,1,4,4,2,1,4,1,23,1,1,1,3,1,1,1
0,2,18,2,7,1239,5,3,4,3,1,4,4,61,1,3,1,3,1,1,1
0,3,12,2,4,3399,5,5,2,3,1,3,3,37,1,2,1,4,1,1,1
0,3,12,3,0,2247,1,3,2,2,1,2,3,36,3,2,2,3,1,2,1
0,4,6,2,3,1766,1,3,1,4,1,2,2,21,1,1,1,3,1,1,1
1,1,18,2,3,2473,1,1,4,3,1,1,3,25,1,2,1,1,1,1,1
0,4,12,2,9,1542,1,4,2,3,1,4,3,36,1,2,1,3,1,2,1
0,4,18,4,1,3850,1,4,3,3,1,1,3,27,1,2,2,3,1,1,1
0,1,18,2,3,3650,1,2,1,2,1,4,3,22,1,1,1,3,1,1,1
1,1,36,2,3,3446,1,5,4,3,1,2,3,42,1,2,1,3,2,1,1
0,2,18,2,3,3001,1,4,2,2,1,4,1,40,1,1,1,3,1,1,1
0,4,36,2,0,3079,5,3,4,3,1,4,1,36,1,2,1,3,1,1,1
0,4,18,4,4,6070,1,5,3,3,1,4,3,33,1,2,2,3,1,2,1
0,4,10,4,3,2146,1,2,1,2,1,3,1,23,1,1,2,3,1,1,1
0,4,60,4,0,13756,5,5,2,3,1,4,4,63,2,3,1,4,1,2,1
1,2,60,1,2,14782,2,5,3,2,1,4,4,60,2,3,2,4,1,2,1
1,1,48,1,9,7685,1,4,2,2,3,4,3,37,4,1,1,3,1,4,1
0,4,18,3,4,2320,1,1,2,4,1,3,1,34,1,2,2,3,1,1,1
0,4,7,3,4,846,5,5,3,3,1,4,4,36,1,3,1,3,1,1,1
1,2,36,2,0,14318,1,5,4,3,1,2,4,57,1,3,1,4,1,2,1
0,4,6,4,0,362,2,3,4,2,1,4,3,52,1,2,2,2,1,1,1
0,1,20,2,3,2212,5,4,4,3,1,4,3,39,1,2,1,3,1,2,1
1,2,18,2,1,12976,1,1,3,2,1,4,4,38,1,3,1,4,1,2,1
0,4,22,2,0,1283,5,4,4,2,1,4,2,25,1,1,1,3,1,1,1
0,3,12,2,0,1330,1,2,4,3,1,1,1,26,1,2,1,3,1,1,1
0,4,30,3,9,4272,2,3,2,3,1,2,2,26,1,2,2,2,1,1,1
0,4,18,4,4,2238,1,3,2,2,1,1,3,25,1,2,2,3,1,1,1
0,4,18,2,4,1126,5,2,4,2,1,2,1,21,1,1,1,3,1,2,1
0,2,18,4,3,7374,1,1,4,3,1,4,2,40,3,2,2,4,1,2,1
0,2,15,4,9,2326,3,3,2,3,1,4,3,27,2,2,1,3,1,1,1
0,4,9,2,9,1449,1,4,3,2,1,2,3,27,1,2,2,3,1,1,1
0,4,18,2,0,1820,1,3,2,4,1,2,2,30,1,2,1,4,1,2,1
0,2,12,2,3,983,4,2,1,2,1,4,1,19,1,1,1,2,1,1,1
0,1,36,2,0,3249,1,4,2,3,1,4,4,39,2,3,1,4,2,2,1
0,1,6,4,4,1957,1,4,1,2,1,4,3,31,1,2,1,3,1,1,1
0,4,9,4,3,2406,1,1,2,3,1,3,3,31,1,2,1,4,1,1,1
0,2,39,3,7,11760,2,4,2,3,1,3,4,32,1,1,1,3,1,2,1
0,1,12,2,3,2578,1,1,3,2,1,4,4,55,1,3,1,4,1,1,1
0,1,36,4,3,2348,1,3,3,4,1,2,2,46,1,2,2,3,1,2,1
1,2,12,2,0,1223,1,5,1,1,1,1,1,46,1,1,2,3,1,1,1
0,4,24,4,4,1516,4,3,4,2,1,1,1,43,1,2,2,2,1,1,1
0,4,18,2,4,1473,1,2,3,4,1,4,1,39,1,2,1,3,1,2,1
0,2,18,4,9,1887,5,3,4,4,1,4,1,28,2,2,2,3,1,1,1
1,4,24,3,9,8648,1,2,2,3,1,2,3,27,2,2,2,3,1,2,1
0,4,14,3,0,802,1,3,4,3,1,2,3,27,1,2,2,2,1,1,1
0,2,18,3,0,2899,5,5,4,3,1,4,3,43,1,2,1,3,2,1,1
1,2,24,2,4,2039,1,2,1,4,1,1,2,22,1,2,1,3,1,2,1
0,4,24,4,1,2197,5,4,4,3,1,4,3,43,1,2,2,3,2,2,1
0,1,15,2,4,1053,1,2,4,4,1,2,1,27,1,2,1,3,1,1,2
0,4,24,2,4,3235,3,5,3,1,1,2,3,26,1,2,1,4,1,2,1
1,3,12,4,0,939,3,4,4,4,1,2,1,28,1,2,3,3,1,2,1
0,2,24,2,4,1967,1,5,4,2,1,4,3,20,1,2,1,3,1,2,1
0,4,33,4,1,7253,1,4,3,3,1,2,3,35,1,2,2,4,1,2,1
1,4,12,4,9,2292,1,1,4,3,1,2,3,42,3,2,2,4,1,2,1
0,4,10,2,0,1597,3,3,3,3,1,2,4,40,1,1,1,2,2,1,2
1,1,24,2,0,1381,5,3,4,2,1,2,2,35,1,2,1,3,1,1,1
0,4,36,4,1,5842,1,5,2,3,1,2,2,35,1,2,2,3,2,2,1
1,1,12,2,0,2579,1,2,4,3,1,1,1,33,1,2,1,2,2,1,1
0,1,18,3,7,8471,5,3,1,2,1,2,3,23,1,1,2,3,1,2,1
0,4,21,2,0,2782,3,4,1,2,1,2,3,31,2,2,1,4,1,1,1
1,2,18,2,0,1042,5,3,4,2,1,2,2,33,1,2,1,3,1,1,1
0,4,15,2,0,3186,4,4,2,2,1,3,3,20,1,1,1,3,1,1,1
0,2,12,2,1,2028,5,3,4,3,1,2,3,30,1,2,1,3,1,1,1
0,2,12,4,0,958,1,4,2,3,1,3,1,47,1,2,2,2,2,1,1
0,4,21,3,3,1591,2,4,4,3,1,3,1,34,1,2,2,4,1,1,1
1,2,12,2,3,2762,5,5,1,2,1,2,2,25,2,2,1,3,1,2,1
0,2,18,2,1,2779,1,3,1,4,1,3,3,21,1,1,1,3,1,2,1
0,4,28,4,4,2743,1,5,4,3,1,2,3,29,1,2,2,3,1,1,1
0,4,18,4,4,1149,4,3,4,3,1,3,1,46,1,2,2,3,1,1,1
0,4,9,2,3,1313,1,5,1,3,1,4,3,20,1,2,1,3,1,1,1
1,1,18,4,6,1190,1,1,2,2,1,4,4,55,1,3,3,1,2,1,1
0,4,5,2,9,3448,1,4,1,3,1,4,1,74,1,2,1,2,1,1,1
1,2,24,2,2,11328,1,3,2,3,2,3,3,29,2,2,2,4,1,2,1
0,1,6,4,3,1872,1,1,4,3,1,4,4,36,1,3,3,4,1,2,1
0,4,24,4,6,2058,1,3,4,1,1,2,1,33,1,2,2,3,1,2,1
0,1,9,2,3,2136,1,3,3,3,1,2,1,25,1,2,1,3,1,1,1
1,2,12,2,4,1484,5,3,2,4,1,1,1,25,1,2,1,3,1,2,1
0,4,6,2,6,660,3,4,2,4,1,4,1,23,1,1,1,2,1,1,1
0,4,24,4,0,1287,4,5,4,2,1,4,1,37,1,2,2,3,1,2,1
0,1,42,4,6,3394,1,1,4,3,2,4,3,65,4,2,2,1,1,4,1
1,3,12,1,9,609,1,2,4,2,1,1,1,26,1,2,1,1,1,1,1
0,4,12,2,0,1884,1,5,4,3,1,4,3,39,1,2,1,4,1,2,1
0,1,12,2,3,1620,1,3,2,2,2,3,2,30,4,2,1,3,1,4,1
0,2,20,3,2,2629,1,3,2,3,1,3,3,29,2,2,2,3,1,2,1
1,4,12,2,7,719,1,5,4,3,1,4,3,41,2,2,1,2,2,1,1
1,2,48,4,3,5096,1,3,2,2,1,3,3,30,1,2,1,4,1,2,1
0,4,9,4,7,1244,5,5,4,2,1,4,2,41,1,1,2,2,1,1,1
1,1,36,2,0,1842,1,2,4,2,1,4,3,34,1,2,1,3,1,2,1
0,2,7,2,4,2576,1,3,2,3,3,2,1,35,4,2,1,3,1,4,1
0,3,12,2,3,1424,5,5,3,2,1,4,1,55,1,2,1,4,1,2,1
1,2,15,3,6,1512,4,3,3,4,1,3,2,61,3,2,2,3,1,1,1
0,4,36,4,1,11054,5,3,4,3,1,2,3,30,1,2,1,4,1,2,1
0,4,6,2,4,518,1,3,3,2,1,1,1,29,1,2,1,3,1,1,1
0,4,12,0,3,2759,1,5,2,3,1,4,2,34,1,2,2,3,1,1,1
0,4,24,2,1,2670,1,5,4,3,1,4,3,35,1,2,1,4,1,2,1
1,1,24,2,0,4817,1,4,2,3,2,3,2,31,4,2,1,3,1,2,1
0,4,24,2,1,2679,1,2,4,2,1,1,4,29,1,2,1,4,1,2,1
0,1,11,4,0,3905,1,3,2,3,1,2,1,36,1,1,2,3,2,1,1
1,1,12,2,1,3386,1,5,3,3,1,4,4,35,1,3,1,3,1,2,1
0,1,6,2,5,343,1,2,4,2,1,1,1,27,1,2,1,3,1,1,1
0,4,18,2,4,4594,1,2,3,3,1,2,3,32,1,2,1,3,1,2,1
0,1,36,2,3,3620,1,3,1,3,3,2,2,37,4,2,1,3,2,4,1
0,1,15,2,0,1721,1,2,2,3,1,3,1,36,1,2,1,3,1,1,1
0,2,12,2,3,3017,1,2,3,2,1,1,1,34,1,1,1,4,1,1,1
0,2,12,2,8,754,5,5,4,3,1,4,2,38,1,2,2,3,1,1,1
0,4,18,2,9,1950,1,4,4,3,1,1,3,34,3,2,2,3,1,2,1
0,1,24,2,1,2924,1,3,3,3,3,4,4,63,2,2,1,3,2,2,1
1,1,24,3,4,1659,1,2,4,2,1,2,3,29,1,1,1,2,1,2,1
0,4,48,3,4,7238,5,5,3,3,1,3,3,32,2,2,2,3,2,1,1
0,4,33,3,9,2764,1,3,2,2,1,2,3,26,1,2,2,3,1,2,1
0,4,24,3,1,4679,1,4,3,3,1,3,3,35,1,2,2,2,1,2,1
1,2,24,2,4,3092,2,2,3,4,1,2,3,22,1,1,1,3,1,2,1
1,1,6,2,7,448,1,2,4,2,1,4,2,23,1,2,1,3,1,1,1
1,1,9,2,0,654,1,3,4,3,1,3,3,28,1,2,1,2,1,1,1
0,4,6,2,8,1238,5,1,4,3,1,4,2,36,1,2,1,4,2,2,1
1,2,18,4,4,1245,1,3,4,4,1,2,3,33,1,2,1,3,1,1,1
1,1,18,0,3,3114,1,2,1,2,1,4,2,26,1,1,1,3,1,1,1
0,4,39,2,1,2569,3,3,4,3,1,4,3,24,1,2,1,3,1,1,1
0,3,24,2,4,5152,1,4,4,3,1,2,3,25,2,2,1,3,1,1,1
0,2,12,2,9,1037,2,4,3,3,1,4,1,39,1,2,1,2,1,1,1
0,1,15,4,3,1478,1,5,4,3,1,4,3,44,1,2,2,3,2,2,1
0,2,12,4,4,3573,1,3,1,2,1,1,1,23,1,2,1,2,1,1,1
0,2,24,2,0,1201,1,2,4,3,1,1,2,26,1,2,1,3,1,1,1
0,1,30,2,3,3622,4,5,4,2,1,4,2,57,1,1,2,3,1,2,1
0,4,15,3,3,960,4,4,3,2,1,2,2,30,1,2,2,3,1,1,1
0,4,12,4,0,1163,3,3,4,3,1,4,1,44,1,2,1,3,1,2,1
1,2,6,3,0,1209,1,1,4,3,1,4,2,47,1,2,1,4,1,2,1
0,4,12,2,4,3077,1,3,2,3,1,4,3,52,1,2,1,3,1,2,1
0,4,24,2,0,3757,1,5,4,2,2,4,4,62,4,3,1,3,1,2,1
0,4,10,2,0,1418,2,3,3,3,1,2,1,35,1,1,1,2,1,1,2
0,4,6,2,0,3518,1,3,2,3,3,3,2,26,4,1,1,3,1,4,1
0,4,12,4,4,1934,1,5,2,3,1,2,4,26,1,2,2,3,1,1,1
1,2,27,0,9,8318,1,5,2,2,1,4,4,42,1,3,2,4,1,2,1
0,4,6,4,4,1237,2,3,1,2,1,1,2,27,1,2,2,3,1,1,1
0,2,6,2,4,368,5,5,4,3,1,4,2,38,1,2,1,3,1,1,1
0,1,12,4,0,2122,1,3,3,3,1,2,1,39,1,1,2,2,2,1,2
1,1,24,2,3,2996,5,3,2,4,1,4,3,20,1,2,1,3,1,1,1
1,2,36,2,3,9034,2,2,4,3,2,1,4,29,4,1,1,4,1,2,1
0,4,24,4,3,1585,1,4,4,3,1,3,2,40,1,2,2,3,1,1,1
0,2,18,2,4,1301,1,5,4,4,3,2,1,32,4,2,1,2,1,4,1
0,3,6,4,0,1323,2,5,2,1,1,4,3,28,1,2,2,3,2,2,1
1,1,24,2,0,3123,1,2,4,2,1,1,2,27,1,2,1,3,1,1,1
0,1,36,2,1,5493,1,5,2,3,1,4,4,42,1,3,1,3,2,1,1
0,3,9,2,4,1126,2,5,2,1,1,4,1,49,1,2,1,3,1,1,1
1,2,24,4,4,1216,2,2,4,3,1,4,4,38,2,2,2,3,2,1,1
1,1,24,2,0,1207,1,2,4,2,1,4,2,24,1,1,1,3,1,1,1
1,4,10,2,0,1309,5,3,4,3,3,4,2,27,4,2,1,2,1,4,1
0,3,15,4,1,2360,3,3,2,3,1,2,3,36,1,2,1,3,1,2,1
1,2,15,1,0,6850,2,1,1,3,1,2,2,34,1,2,1,4,2,2,1
0,4,24,2,4,1413,1,3,4,4,1,2,2,28,1,2,1,3,1,1,1
0,4,39,2,1,8588,2,5,4,3,1,2,3,45,1,2,1,4,1,2,1
1,1,12,2,0,759,1,4,4,3,1,2,1,26,1,2,1,3,1,1,1
0,4,36,2,1,4686,1,3,2,3,1,2,4,32,1,3,1,4,1,2,1
0,3,15,2,9,2687,1,4,2,3,1,4,2,26,1,1,1,3,1,2,1
0,2,12,3,4,585,1,3,4,4,2,4,1,20,4,1,2,3,1,4,1
0,4,24,2,0,2255,5,2,4,3,1,1,2,54,1,2,1,3,1,1,1
0,1,6,4,0,609,1,4,4,2,1,3,2,37,1,2,2,3,1,1,2
0,1,6,4,0,1361,1,2,2,3,1,4,1,40,1,2,1,2,2,1,2
1,4,36,4,3,7127,1,2,2,2,1,4,2,23,1,1,2,3,1,2,1
0,1,6,2,0,1203,2,5,3,3,1,2,2,43,1,2,1,3,1,2,1
0,4,6,4,4,700,5,5,4,3,1,4,4,36,1,3,2,3,1,1,1
0,4,24,4,6,5507,1,5,3,3,1,4,4,44,1,3,2,3,1,1,1
1,1,18,2,4,3190,1,3,2,2,1,2,1,24,1,2,1,3,1,1,1
1,1,48,0,3,7119,1,3,3,3,1,4,4,53,1,3,2,3,2,1,1
0,4,24,2,1,3488,2,4,3,2,1,4,3,23,1,2,1,3,1,1,1
0,2,18,2,4,1113,1,3,4,2,3,4,1,26,4,2,1,2,2,4,1
0,2,26,2,1,7966,1,2,2,3,1,3,3,30,1,2,2,3,1,1,1
0,4,15,4,7,1532,2,3,4,2,1,3,3,31,1,2,1,3,1,1,1
0,4,4,4,4,1503,1,4,2,3,1,1,1,42,1,2,2,2,2,1,1
1,1,36,2,4,2302,1,3,4,1,1,4,3,31,1,1,1,3,1,1,1
0,1,6,2,0,662,1,2,3,3,1,4,1,41,1,2,1,2,2,2,1
0,2,36,2,7,2273,1,4,3,3,1,1,3,32,1,2,2,3,2,1,1
1,2,15,2,0,2631,2,3,2,2,1,4,3,28,1,1,2,3,1,2,1
0,4,12,3,1,1503,1,3,4,4,1,4,1,41,1,1,1,3,1,1,1
0,4,24,2,4,1311,2,4,4,4,1,3,2,26,1,2,1,3,1,2,1
0,4,24,2,4,3105,5,2,4,3,1,2,3,25,1,2,2,3,1,1,1
1,3,21,4,7,2319,1,2,2,1,1,1,3,33,1,1,1,3,1,1,1
0,1,6,2,0,1374,5,1,4,2,1,3,2,75,1,2,1,4,1,2,1
0,2,18,4,3,3612,1,5,3,2,1,4,2,37,1,2,1,3,1,2,1
1,1,48,2,0,7763,1,5,4,3,1,4,4,42,2,3,1,4,1,1,1
0,3,18,2,3,3049,1,2,1,2,1,1,2,45,3,2,1,2,1,1,1
1,2,12,2,4,1534,1,2,1,4,1,1,1,23,1,1,1,3,1,1,1
0,4,24,3,0,2032,1,5,4,3,1,4,4,60,1,3,2,3,1,2,1
1,1,30,2,3,6350,5,5,4,3,1,4,2,31,1,2,1,3,1,1,1
1,3,18,2,3,2864,1,3,2,3,1,1,1,34,1,2,1,2,2,1,1
0,4,12,4,0,1255,1,5,4,3,1,4,1,61,1,2,2,2,1,1,1
1,1,24,3,0,1333,1,1,4,3,1,2,1,43,1,3,2,3,2,1,1
0,4,24,4,0,2022,1,3,4,2,1,4,3,37,1,2,1,3,1,2,1
0,4,24,2,4,1552,1,4,3,3,1,1,3,32,2,2,1,3,2,1,1
1,1,12,1,4,626,1,3,4,2,1,4,1,24,2,2,1,2,1,1,1
0,4,48,4,1,8858,5,4,2,3,1,1,4,35,1,3,2,3,1,2,1
0,4,12,4,6,996,5,4,4,2,1,4,1,23,1,2,2,3,1,1,1
0,4,6,1,4,1750,3,5,2,3,1,4,2,45,2,2,1,2,2,1,1
1,1,48,2,4,6999,1,4,1,4,3,1,1,34,4,2,2,3,1,2,1
0,2,12,4,0,1995,2,2,4,3,1,1,3,27,1,2,1,3,1,1,1
0,2,9,2,7,1199,1,4,4,2,1,4,2,67,1,2,2,4,1,2,1
1,2,12,2,4,1331,1,2,2,3,1,1,3,22,3,2,1,3,1,1,1
1,2,18,0,0,2278,2,2,3,2,1,3,3,28,1,2,2,3,1,1,1
1,4,21,0,0,5003,5,3,1,2,1,4,2,29,2,2,2,3,1,2,1
1,1,24,1,3,3552,1,4,3,3,1,4,3,27,2,2,1,3,1,1,1
1,2,18,4,3,1928,1,2,2,3,1,2,1,31,1,2,2,2,1,1,1
0,1,24,2,1,2964,5,5,4,3,1,4,4,49,2,3,1,3,2,2,1
1,1,24,1,4,1546,1,4,4,3,3,4,3,24,2,1,1,2,1,0,1
0,3,6,3,4,683,1,2,2,2,1,1,2,29,2,2,1,3,1,1,1
1,2,36,2,0,12389,5,3,1,3,1,4,4,37,1,3,1,3,1,2,1
0,2,24,3,9,4712,5,3,4,3,1,2,2,37,2,2,2,4,1,2,1
0,2,24,3,4,1553,2,4,3,2,1,2,2,23,1,1,2,3,1,2,1
1,1,12,2,0,1372,1,4,2,1,1,3,3,36,1,2,1,3,1,1,1
0,4,24,4,4,2578,4,5,2,3,1,2,3,34,1,2,1,3,1,1,1
0,2,48,2,4,3979,5,4,4,3,1,1,3,41,1,2,2,3,2,2,1
1,1,48,2,4,6758,1,3,3,2,1,2,3,31,1,2,1,3,1,2,1
1,1,24,2,3,3234,1,2,4,2,1,4,1,23,1,1,1,2,1,2,1
0,4,30,4,4,5954,1,4,3,3,2,2,3,38,4,2,1,3,1,4,1
0,4,24,2,1,5433,5,1,2,2,1,4,2,26,1,1,1,4,1,2,1
0,1,15,2,9,806,1,3,4,2,1,4,2,22,1,2,1,2,1,1,1
0,2,9,2,4,1082,1,5,4,3,1,4,3,27,1,2,2,2,1,1,1
0,4,15,4,3,2788,1,4,2,2,2,3,3,24,2,2,2,3,1,0,1
0,2,12,2,4,2930,1,4,2,2,1,1,1,27,1,2,1,3,1,1,1
0,4,24,4,7,1927,5,3,3,2,1,2,3,33,1,2,2,3,1,2,1
1,2,36,4,0,2820,1,2,4,1,1,4,3,27,1,2,2,3,1,1,1
0,4,24,2,8,937,1,2,4,4,1,3,3,27,1,2,2,2,1,1,1
1,2,18,4,0,1056,1,5,3,3,3,3,1,30,2,2,2,3,1,0,1
0,2,12,4,0,3124,1,2,1,3,1,3,1,49,2,2,2,2,2,1,1
0,4,9,2,3,1388,1,3,4,2,1,2,1,26,1,1,1,3,1,1,1
1,2,36,2,6,2384,1,2,4,3,1,1,4,33,1,1,1,2,1,1,1
0,4,12,2,0,2133,5,5,4,2,1,4,4,52,1,3,1,4,1,2,1
1,1,18,2,3,2039,1,3,1,2,1,4,1,20,2,1,1,3,1,1,1
0,1,9,4,0,2799,1,3,2,3,1,2,1,36,1,1,2,3,2,1,1
0,1,12,2,3,1289,1,3,4,3,3,1,2,21,4,2,1,2,1,4,1
1,1,18,2,5,1217,1,3,4,4,1,3,1,47,1,2,1,2,1,2,1
1,1,12,4,3,2246,1,5,3,3,1,3,2,60,1,2,2,3,1,1,1
0,1,12,4,4,385,1,4,4,2,1,3,1,58,1,2,4,2,1,2,1
0,2,24,3,0,1965,5,3,4,2,1,4,3,42,1,1,2,3,1,2,1
0,4,21,2,9,1572,4,5,4,2,1,4,1,36,2,2,1,2,1,1,1
1,2,24,2,0,2718,1,3,3,2,1,4,2,20,1,1,1,2,1,2,1
1,1,24,1,2,1358,5,5,4,3,1,3,3,40,3,2,1,4,1,2,1
1,2,6,1,0,931,2,2,1,2,1,1,2,32,3,2,1,2,1,1,1
1,1,24,2,0,1442,1,4,4,2,1,4,3,23,1,1,2,3,1,1,1
1,2,24,0,9,4241,1,3,1,3,1,4,1,36,1,2,3,2,1,2,1
1,4,18,4,0,2775,1,4,2,3,1,2,2,31,2,2,2,3,1,1,1
0,4,24,3,9,3863,1,3,1,3,1,2,4,32,1,3,1,3,1,1,1
0,2,7,2,4,2329,1,2,1,2,3,1,1,45,4,2,1,3,1,4,1
1,2,9,2,3,918,1,3,4,2,1,1,2,30,1,2,1,3,1,1,1
1,2,24,1,7,1837,1,4,4,2,1,4,4,34,2,3,1,2,1,1,1
1,4,36,2,3,3349,1,3,4,2,1,2,3,28,1,2,1,4,1,2,1
0,3,10,2,3,1275,1,2,4,2,1,2,2,23,1,2,1,3,1,1,1
0,1,24,1,3,2828,3,3,4,3,1,4,1,22,3,2,1,3,1,2,1
0,4,24,4,9,4526,1,3,3,3,1,2,1,74,1,2,1,4,1,2,1
1,2,36,2,4,2671,2,3,4,2,2,4,4,50,4,3,1,3,1,4,1
0,4,18,2,4,2051,1,2,4,3,1,1,1,33,1,2,1,3,1,1,1
0,4,15,2,1,1300,5,5,4,3,1,4,4,45,2,3,1,3,2,1,1
1,1,12,2,5,741,2,1,4,2,1,3,2,22,1,2,1,3,1,1,1
1,3,10,2,0,1240,2,5,1,2,1,4,4,48,1,3,1,2,2,1,1
0,1,21,2,4,3357,4,2,4,2,1,2,3,29,2,2,1,3,1,1,1
0,1,24,1,1,3632,1,3,1,2,3,4,3,22,2,1,1,3,1,0,2
1,4,18,3,3,1808,1,4,4,2,1,1,1,22,1,2,1,3,1,1,1
0,2,48,0,9,12204,5,3,2,3,1,2,3,48,2,2,1,4,1,2,1
0,2,60,3,4,9157,5,3,2,3,1,2,4,27,1,3,1,4,1,1,1
0,1,6,4,0,3676,1,3,1,3,1,3,1,37,1,1,3,3,2,1,1
1,2,30,2,3,3441,2,3,2,2,2,4,3,21,4,1,1,3,1,4,1
0,4,12,2,0,640,1,3,4,1,1,2,1,49,1,2,1,2,1,1,1
0,2,21,4,9,3652,1,4,2,3,1,3,2,27,1,2,2,3,1,1,1
1,4,18,4,0,1530,1,3,3,3,1,2,2,32,2,2,2,3,1,1,1
1,4,48,2,9,3914,5,3,4,1,1,2,1,38,2,2,1,3,1,1,1
0,1,12,2,3,1858,1,2,4,2,1,1,3,22,1,1,1,3,1,1,1
1,1,18,2,4,2600,1,3,4,3,1,4,4,65,1,3,2,3,1,1,1
0,4,15,2,4,1979,5,5,4,3,1,2,3,35,1,2,1,3,1,1,1
0,3,6,2,3,2116,1,3,2,3,1,2,1,41,1,2,1,3,1,2,1
1,2,9,1,0,1437,2,4,2,3,1,3,4,29,1,2,1,3,1,1,1
0,4,42,4,3,4042,3,3,4,3,1,4,1,36,1,2,2,3,1,2,1
0,4,9,2,7,3832,5,5,1,3,1,4,1,64,1,2,1,2,1,1,1
0,1,24,2,4,3660,1,3,2,2,1,4,3,28,1,2,1,3,1,1,1
1,1,18,1,3,1553,1,3,4,3,1,3,3,44,2,2,1,3,1,1,1
0,2,15,2,4,1444,5,2,4,3,1,1,2,23,1,2,1,3,1,1,1
1,4,9,2,3,1980,1,2,2,2,2,2,3,19,4,1,2,3,1,4,1
1,2,24,2,0,1355,1,2,3,2,1,4,3,25,1,2,1,2,1,2,1
0,4,12,2,7,1393,1,5,4,3,1,4,2,47,2,2,3,3,2,2,1
0,4,24,2,4,1376,3,4,4,2,1,1,3,28,1,2,1,3,1,1,1
0,4,60,3,4,15653,1,4,2,3,1,4,3,21,1,2,2,3,1,2,1
0,4,12,2,4,1493,1,2,4,2,1,3,3,34,1,2,1,3,2,1,1
1,1,42,3,4,4370,1,4,3,3,1,2,2,26,2,2,2,3,2,2,1
1,1,18,2,7,750,1,1,4,2,1,1,1,27,1,2,1,1,1,1,1
0,2,15,2,6,1308,1,5,4,3,1,4,3,38,1,2,2,2,1,1,1
1,4,15,2,7,4623,2,3,3,3,1,2,2,40,1,2,1,4,1,2,1
0,4,24,4,4,1851,1,4,4,4,3,2,3,33,4,2,2,3,1,2,1
0,1,18,4,4,1880,1,4,4,4,1,1,2,32,1,2,2,4,1,2,1
1,4,36,3,9,7980,5,2,4,3,1,4,3,27,1,1,2,3,1,2,1
0,1,30,0,3,4583,1,3,2,1,3,2,1,32,4,2,2,3,1,4,1
1,4,12,2,0,1386,3,3,2,2,1,2,2,26,1,2,1,3,1,1,1
1,3,24,2,0,947,1,4,4,3,1,3,4,38,2,3,1,3,2,1,1
1,1,12,2,7,684,1,3,4,3,1,4,3,40,1,1,1,2,2,1,1
0,1,48,2,7,7476,1,4,4,3,1,1,4,50,1,3,1,4,1,2,1
1,2,12,2,3,1922,1,3,4,3,1,2,2,37,1,2,1,2,1,1,1
1,1,24,2,0,2303,1,5,4,3,2,1,1,45,4,2,1,3,1,4,1
1,2,36,3,0,8086,2,5,2,3,1,4,3,42,1,2,4,4,1,2,1
0,4,24,4,1,2346,1,4,4,3,1,3,3,35,1,2,2,3,1,2,1
0,1,14,2,0,3973,1,1,1,3,1,4,4,22,1,3,1,3,1,1,1
1,2,12,2,0,888,1,5,4,3,1,4,3,41,2,2,1,2,2,1,1
0,4,48,2,4,10222,5,4,4,3,1,3,3,37,3,2,1,3,1,2,1
0,2,30,0,9,4221,1,3,2,2,1,1,3,28,1,2,2,3,1,1,1
0,2,18,4,3,6361,1,5,2,3,1,1,4,41,1,2,1,3,1,2,1
0,3,12,2,4,1297,1,3,3,4,1,4,1,23,1,1,1,3,1,1,1
1,1,12,2,0,900,5,3,4,4,1,2,3,23,1,2,1,3,1,1,1
0,4,21,2,3,2241,1,5,4,3,1,2,1,50,1,2,2,3,1,1,1
0,2,6,3,3,1050,1,1,4,3,1,1,2,35,3,2,2,4,1,2,1
0,3,6,4,7,1047,1,3,2,2,1,4,2,50,1,2,1,2,1,1,1
0,4,24,4,2,6314,1,1,4,3,2,2,4,27,2,2,2,4,1,2,1
0,2,30,1,3,3496,4,3,4,3,1,2,3,34,3,2,1,3,2,2,1
0,4,48,1,9,3609,1,3,1,2,1,1,1,27,3,2,1,3,1,1,1
1,1,12,4,0,4843,1,5,3,3,2,4,2,43,4,1,2,3,1,2,1
0,3,30,4,4,3017,1,5,4,3,1,4,2,47,1,2,1,3,1,1,1
0,4,24,4,9,4139,2,3,3,3,1,3,2,27,1,2,2,2,1,2,1
0,4,36,2,9,5742,2,4,2,3,1,2,3,31,1,2,2,3,1,2,1
0,4,60,2,0,10366,1,5,2,3,1,4,2,42,1,2,1,4,1,2,1
0,4,6,4,0,2080,3,3,1,4,1,2,3,24,1,2,1,3,1,1,1
1,4,21,3,9,2580,3,2,4,3,1,2,1,41,2,2,1,2,2,1,1
0,4,30,4,4,4530,1,4,4,2,1,4,3,26,1,1,1,4,1,2,1
0,4,24,4,3,5150,1,5,4,3,1,4,3,33,1,2,1,3,1,2,1
1,2,72,2,4,5595,2,3,2,4,1,2,3,24,1,2,1,3,1,1,1
0,1,24,2,4,2384,1,5,4,3,1,4,1,64,2,1,1,2,1,1,1
0,4,18,2,4,1453,1,2,3,2,1,1,1,26,1,2,1,3,1,1,1
0,4,6,2,7,1538,1,2,1,2,1,2,4,56,1,2,1,3,1,1,1
0,4,12,2,4,2279,5,3,4,3,1,4,4,37,1,3,1,3,1,2,1
0,4,15,3,4,1478,1,3,4,4,1,3,1,33,2,2,2,3,1,1,1
0,4,24,4,4,5103,1,2,3,4,1,3,4,47,1,3,3,3,1,2,1
0,2,36,3,9,9857,2,4,1,3,1,3,2,31,1,2,2,2,2,2,1
0,4,60,2,0,6527,5,3,4,3,1,4,4,34,1,3,1,3,2,2,1
0,3,10,4,4,1347,5,4,4,3,1,2,2,27,1,2,2,3,1,2,1
0,2,36,3,0,2862,2,5,4,3,1,3,4,30,1,3,1,3,1,1,1
0,4,9,2,4,2753,2,5,3,3,2,4,3,35,4,2,1,3,1,2,1
0,1,12,2,0,3651,4,3,1,3,1,3,2,31,1,2,1,3,2,1,1
0,1,15,4,3,975,1,3,2,1,1,3,2,25,1,2,2,3,1,1,1
0,2,15,2,6,2631,2,3,3,2,1,2,1,25,1,2,1,2,1,1,1
0,2,24,2,4,2896,2,2,2,3,1,1,3,29,1,2,1,3,1,1,1
0,1,6,4,0,4716,5,2,1,3,1,3,1,44,1,2,2,2,2,1,1
0,4,24,2,4,2284,1,4,4,3,1,2,3,28,1,2,1,3,1,2,1
0,4,6,2,1,1236,3,3,2,3,1,4,2,50,1,1,1,3,1,1,1
0,2,12,2,4,1103,1,4,4,3,3,3,1,29,4,2,2,3,1,4,2
0,4,12,4,0,926,1,1,1,2,1,2,2,38,1,2,1,1,1,1,1
0,4,18,4,4,1800,1,3,4,3,1,2,3,24,1,2,2,3,1,1,1
0,3,15,2,7,1905,1,5,4,3,1,4,3,40,1,1,1,4,1,2,1
1,4,12,2,3,1123,3,3,4,2,1,4,3,29,1,1,1,2,1,1,1
1,1,48,4,1,6331,1,5,4,3,1,4,4,46,1,3,2,3,1,2,1
0,3,24,2,4,1377,2,5,4,2,1,2,4,47,1,3,1,3,1,2,1
0,2,30,3,9,2503,2,5,4,3,1,2,2,41,3,2,2,3,1,1,1
0,2,27,2,9,2528,1,2,4,2,1,1,2,32,1,2,1,3,2,2,1
0,4,15,2,0,5324,3,5,1,2,1,4,4,35,1,3,1,3,1,1,1
1,2,48,2,0,6560,2,4,3,3,1,2,2,24,1,2,1,3,1,1,1
1,2,12,0,3,2969,1,2,4,2,1,3,2,25,1,1,2,3,1,1,1
0,2,9,2,4,1206,1,5,4,2,1,4,1,25,1,2,1,3,1,1,1
0,2,9,2,4,2118,1,3,2,3,1,2,1,37,1,2,1,2,2,1,1
0,4,18,4,4,629,3,5,4,3,1,3,2,32,2,2,2,4,1,2,1
1,1,6,1,7,1198,1,5,4,2,1,4,4,35,1,3,1,3,1,1,1
0,4,21,2,1,2476,5,5,4,3,1,4,1,46,1,2,1,4,1,2,1
0,1,9,4,4,1138,1,3,4,3,1,4,1,25,1,2,2,2,1,1,1
1,2,60,2,0,14027,1,4,4,3,1,2,4,27,1,2,1,4,1,2,1
0,4,30,4,1,7596,5,5,1,3,1,4,3,63,1,2,2,3,1,1,1
0,4,30,4,4,3077,5,5,3,3,1,2,3,40,1,2,2,3,2,2,1
0,4,18,2,4,1505,1,3,4,3,1,2,4,32,1,3,1,4,1,2,1
0,3,24,4,4,3148,5,3,3,3,1,2,3,31,1,2,2,3,1,2,1
0,2,20,0,1,6148,2,5,3,4,1,4,3,31,2,2,2,3,1,2,1
1,3,9,0,4,1337,1,2,4,3,1,2,3,34,1,2,2,4,1,2,1
1,2,6,1,7,433,4,2,4,2,1,2,2,24,2,1,1,3,2,1,1
1,1,12,2,0,1228,1,3,4,2,1,2,1,24,1,2,1,2,1,1,1
0,2,9,2,4,790,3,3,4,2,1,3,1,66,1,2,1,2,1,1,1
1,4,27,2,0,2570,1,3,3,2,1,3,1,21,1,1,1,3,1,1,1
0,4,6,4,0,250,4,3,2,2,1,2,1,41,2,2,2,2,1,1,1
0,4,15,4,4,1316,3,3,2,4,1,2,2,47,1,2,2,2,1,1,1
1,1,18,2,4,1882,1,3,4,2,1,4,3,25,2,1,2,3,1,1,1
1,2,48,1,9,6416,1,5,4,2,1,3,4,59,1,1,1,3,1,1,1
0,3,24,4,9,1275,4,3,2,1,1,4,1,36,1,2,2,3,1,2,1
0,2,24,3,4,6403,1,2,1,3,1,2,3,33,1,2,1,3,1,1,1
1,1,24,2,4,1987,1,3,2,3,1,4,1,21,1,1,1,2,2,1,1
0,2,8,2,4,760,1,4,4,2,3,2,1,44,4,2,1,2,1,4,1
0,4,24,2,1,2603,4,3,2,2,1,4,3,28,1,1,1,3,1,2,1
0,4,4,4,0,3380,1,4,1,2,1,1,1,37,1,2,1,3,2,1,1
0,2,36,1,5,3990,5,2,3,2,1,2,4,29,2,2,1,1,1,1,1
1,2,24,2,1,11560,1,3,1,2,1,4,3,23,1,1,2,4,1,1,1
0,1,18,2,0,4380,2,3,3,3,1,4,3,35,1,2,1,2,2,2,1
0,4,6,4,0,6761,1,4,1,3,1,3,4,45,1,2,2,4,2,2,1
1,2,30,0,9,4280,2,3,4,2,1,4,3,26,1,1,2,2,1,1,1
0,1,24,1,0,2325,2,4,2,3,1,3,3,32,2,2,1,3,1,1,1
0,2,10,1,4,1048,1,3,4,3,1,4,1,23,3,2,1,2,1,1,1
0,4,21,2,4,3160,5,5,4,3,1,3,2,41,1,2,1,3,1,2,1
0,1,24,1,3,2483,3,3,4,3,1,4,1,22,3,2,1,3,1,2,1
0,1,39,4,3,14179,5,4,4,3,1,4,2,30,1,2,2,4,1,2,1
0,1,13,4,9,1797,1,2,3,3,1,1,2,28,2,2,2,2,1,1,1
0,1,15,2,0,2511,1,1,1,2,1,4,3,23,1,1,1,3,1,1,1
1,1,12,2,0,1274,1,2,3,2,1,1,1,37,1,2,1,2,1,1,1
0,4,21,2,1,5248,5,3,1,3,1,3,3,26,1,2,1,3,1,1,1
0,4,15,2,1,3029,1,4,2,3,1,2,3,33,1,2,1,3,1,1,1
0,1,6,2,3,428,1,5,2,2,1,1,2,49,2,2,1,3,1,2,1
1,1,18,2,0,976,1,2,1,2,1,2,3,23,1,2,1,2,1,1,1
0,2,12,2,9,841,2,4,2,2,1,4,1,23,1,1,1,2,1,1,1
0,4,30,4,4,5771,1,4,4,2,1,2,3,25,1,2,2,3,1,1,1
1,4,12,3,6,1555,4,5,4,3,1,4,4,55,1,3,2,3,2,1,1
1,1,24,2,0,1285,5,4,4,2,1,4,4,32,1,1,1,3,1,1,1
0,3,6,4,0,1299,1,3,1,3,1,1,1,74,1,2,3,1,2,1,2
1,3,15,4,4,1271,5,3,3,3,1,4,4,39,1,3,2,3,1,2,1
0,4,24,2,0,1393,1,3,2,3,3,2,1,31,4,2,1,3,1,2,1
1,1,12,4,0,691,1,5,4,3,1,3,2,35,1,2,2,3,1,1,1
0,4,15,4,0,5045,5,5,1,2,1,4,3,59,1,2,1,3,1,2,1
1,1,18,4,3,2124,1,3,4,2,1,4,1,24,1,1,2,3,1,1,1
0,1,12,2,4,2214,1,3,4,3,1,3,2,24,1,2,1,2,1,1,1
1,4,21,4,0,12680,5,5,4,3,1,4,4,30,1,3,1,4,1,2,1
0,4,24,4,0,2463,2,4,4,4,1,3,2,27,1,2,2,3,1,2,1
0,2,12,2,4,1155,1,5,3,4,3,3,1,40,2,2,2,2,1,0,1
1,1,30,2,3,3108,1,2,2,1,1,4,2,31,1,2,1,2,1,1,1
0,4,10,2,1,2901,5,2,1,2,1,4,1,31,1,1,1,3,1,1,1
0,2,12,4,3,3617,1,5,1,3,1,4,3,28,1,1,3,3,1,2,1
0,4,12,4,4,1655,1,5,2,3,1,4,1,63,1,2,2,2,1,2,1
0,1,24,2,1,2812,5,5,2,2,1,4,1,26,1,1,1,3,1,1,1
1,1,36,4,7,8065,1,3,3,2,1,2,4,25,1,2,2,4,1,2,1
0,4,21,4,1,3275,1,5,1,3,1,4,3,36,1,2,1,4,1,2,1
0,4,24,4,4,2223,2,5,4,3,1,4,2,52,2,2,2,3,1,1,1
0,3,12,4,0,1480,3,1,2,3,1,4,4,66,2,3,3,1,1,1,1
1,1,24,2,0,1371,5,3,4,2,1,4,1,25,1,1,1,3,1,1,1
0,4,36,4,0,3535,1,4,4,3,1,4,3,37,1,2,2,3,1,2,1
0,1,18,2,4,3509,1,4,4,2,3,1,1,25,4,2,1,3,1,4,1
0,4,36,4,1,5711,4,5,4,3,1,2,3,38,1,2,2,4,1,2,1
0,2,18,2,6,3872,1,1,2,2,1,4,3,67,1,2,1,3,1,2,1
1,2,39,4,4,4933,1,4,2,3,3,2,1,25,4,2,2,3,1,4,1
0,4,24,4,0,1940,4,5,4,3,1,4,1,60,1,2,1,3,1,2,1
0,2,12,0,8,1410,1,3,2,3,1,2,1,31,1,2,1,2,1,2,1
1,2,12,2,0,836,2,2,4,2,1,2,2,23,2,2,1,2,1,1,1
0,2,20,2,1,6468,5,1,1,1,1,4,1,60,1,2,1,4,1,2,1
0,2,18,2,9,1941,4,3,4,3,1,2,2,35,1,2,1,2,1,2,1
0,4,22,2,4,2675,3,5,3,3,1,4,3,40,1,2,1,3,1,1,1
0,4,48,4,1,2751,5,5,4,3,1,3,3,38,1,2,2,3,2,2,1
1,2,48,3,7,6224,1,5,4,3,1,4,4,50,1,3,1,3,1,1,1
1,1,40,4,7,5998,1,3,4,3,1,3,4,27,2,2,1,3,1,2,1
1,2,21,2,9,1188,1,5,2,2,1,4,2,39,1,2,1,3,2,1,1
0,4,24,2,1,6313,5,5,3,3,1,4,3,41,1,2,1,4,2,2,1
0,4,6,4,3,1221,5,3,1,4,1,2,2,27,1,2,2,3,1,1,1
0,3,24,2,3,2892,1,5,3,1,1,4,4,51,1,3,1,3,1,1,1
0,4,24,2,3,3062,3,5,4,3,1,3,4,32,1,1,1,3,1,2,1
0,4,9,2,3,2301,2,2,2,2,1,4,2,22,1,1,1,3,1,1,1
1,1,18,2,1,7511,5,5,1,3,1,4,2,51,1,3,1,3,2,2,1
0,4,12,4,3,1258,1,2,2,2,1,4,2,22,1,1,2,2,1,1,1
0,4,24,3,0,717,5,5,4,4,1,4,3,54,1,2,2,3,1,2,1
0,2,9,2,0,1549,5,2,4,3,1,2,1,35,1,2,1,1,1,1,1
0,4,24,4,7,1597,1,5,4,3,1,4,4,54,1,3,2,3,2,1,1
0,2,18,4,4,1795,1,5,3,2,3,4,1,48,2,1,2,2,1,2,1
0,1,20,4,3,4272,1,5,1,2,1,4,2,24,1,2,2,3,1,1,1
0,4,12,4,4,976,5,5,4,3,1,4,3,35,1,2,2,3,1,1,1
0,2,12,2,0,7472,5,1,1,2,1,2,1,24,1,1,1,1,1,1,1
1,1,36,2,0,9271,1,4,2,3,1,1,3,24,1,2,1,3,1,2,1
0,2,6,2,4,590,1,2,3,4,1,3,1,26,1,2,1,2,1,1,2
0,4,12,4,4,930,5,5,4,3,1,4,1,65,1,2,4,3,1,1,1
0,2,42,1,1,9283,1,1,1,3,1,2,4,55,2,3,1,4,1,2,1
1,2,15,0,0,1778,1,2,2,2,1,1,1,26,1,1,2,1,1,1,1
0,2,8,2,9,907,1,2,3,4,1,2,1,26,1,2,1,3,1,2,1
0,2,6,2,4,484,1,4,3,4,3,3,1,28,2,2,1,2,1,0,1
1,1,36,4,1,9629,1,4,4,3,1,4,3,24,1,2,2,3,1,2,1
1,1,48,2,5,3051,1,3,3,3,1,4,3,54,1,2,1,3,1,1,1
1,1,48,2,0,3931,1,4,4,3,1,4,4,46,1,3,1,3,2,1,1
0,2,36,3,0,7432,1,3,2,2,1,2,2,54,1,1,1,3,1,1,1
0,4,6,2,5,1338,3,3,1,1,1,4,1,62,1,2,1,3,1,1,1
0,4,6,4,4,1554,1,4,1,2,1,2,3,24,1,1,2,3,1,2,1
0,1,36,2,2,15857,1,1,2,1,2,3,3,43,4,2,1,4,1,4,1
1,1,18,2,4,1345,1,3,4,4,1,3,1,26,2,2,1,3,1,1,1
0,4,12,2,0,1101,1,3,3,4,1,2,1,27,1,2,2,3,1,2,1
0,3,12,2,4,3016,1,3,3,4,1,1,3,24,1,2,1,3,1,1,1
1,1,36,2,3,2712,1,5,2,3,1,2,2,41,2,2,1,3,2,1,1
0,1,8,4,0,731,1,5,4,3,1,4,1,47,1,2,2,2,1,1,1
0,4,18,4,3,3780,1,2,3,1,1,2,3,35,1,2,2,4,1,2,1
0,1,21,4,0,1602,1,5,4,4,1,3,3,30,1,2,2,3,1,2,1
1,1,18,4,0,3966,1,5,1,2,1,4,1,33,2,1,3,3,1,2,1
1,4,18,0,9,4165,1,3,2,3,1,2,3,36,3,2,2,3,2,1,1
1,1,36,2,1,8335,5,5,3,3,1,4,4,47,1,3,1,3,1,1,1
0,2,48,3,9,6681,5,3,4,3,1,4,4,38,1,3,1,3,2,2,1
0,4,24,3,9,2375,3,3,4,3,1,2,3,44,1,2,2,3,2,2,1
1,1,18,2,0,1216,1,2,4,2,1,3,3,23,1,1,1,3,1,2,1
1,1,45,0,9,11816,1,5,2,3,1,4,3,29,1,1,2,3,1,1,1
0,2,24,2,4,5084,5,5,2,2,1,4,3,42,1,2,1,3,1,2,1
1,3,15,2,4,2327,1,2,2,2,1,3,1,25,1,2,1,2,1,1,1
1,1,12,0,0,1082,1,3,4,3,1,4,3,48,2,2,2,3,1,1,1
0,4,12,2,4,886,5,3,4,2,1,2,3,21,1,2,1,3,1,1,1
0,4,4,2,3,601,1,2,1,2,1,3,1,23,1,1,1,2,2,1,1
0,1,24,4,1,2957,1,5,4,3,1,4,2,63,1,2,2,3,1,2,1
0,4,24,4,4,2611,1,5,4,4,2,3,1,46,4,2,2,3,1,4,1
1,1,36,2,3,5179,1,4,4,3,1,2,2,29,1,2,1,3,1,1,1
0,4,21,3,1,2993,1,3,3,3,1,2,1,28,3,2,2,2,1,1,1
1,4,18,2,6,1943,1,2,4,2,1,4,1,23,1,2,1,3,1,1,1
0,4,24,1,9,1559,1,4,4,3,1,4,3,50,2,2,1,3,1,2,1
0,4,18,2,3,3422,1,5,4,3,1,4,2,47,2,2,3,3,2,2,1
0,2,21,2,3,3976,5,4,2,3,1,3,3,35,1,2,1,3,1,2,1
1,4,18,2,0,6761,5,3,2,3,1,4,3,68,1,1,2,3,1,1,1
0,4,24,2,0,1249,1,2,4,4,1,2,1,28,1,2,1,3,1,1,1
0,1,9,2,4,1364,1,4,3,3,1,4,1,59,1,2,1,3,1,1,1
1,1,12,2,4,709,1,5,4,3,1,4,1,57,3,2,1,2,1,1,1
1,1,20,4,0,2235,1,3,4,4,3,2,2,33,2,1,2,3,1,0,2
0,4,24,4,1,4042,5,4,3,3,1,4,2,43,1,2,2,3,1,2,1
0,4,15,4,4,1471,1,3,4,3,1,4,4,35,1,3,2,3,1,2,1
1,1,18,1,0,1442,1,4,4,3,1,4,4,32,1,3,2,2,2,1,1
0,4,36,3,0,10875,1,5,2,3,1,2,3,45,1,2,2,3,2,2,1
0,4,24,2,0,1474,2,2,4,4,1,3,1,33,1,2,1,3,1,2,1
0,4,10,2,8,894,5,4,4,2,1,3,2,40,1,2,1,3,1,2,1
0,4,15,4,3,3343,1,3,4,3,1,2,4,28,1,3,1,3,1,2,1
1,1,15,2,0,3959,1,3,3,2,1,2,2,29,1,2,1,3,1,2,1
0,4,9,2,0,3577,2,3,1,3,3,2,1,26,4,1,1,3,2,4,2
0,4,24,4,1,5804,4,3,4,3,1,2,1,27,1,2,2,3,1,1,1
1,4,18,3,9,2169,1,3,4,4,1,2,3,28,1,2,1,3,1,2,1
1,1,24,2,4,2439,1,2,4,2,1,4,1,35,1,2,1,3,1,2,1
0,4,27,4,3,4526,4,2,4,3,1,2,1,32,3,2,2,2,2,2,1
1,4,10,2,3,2210,1,3,2,3,1,2,1,25,2,1,1,2,1,1,1
0,4,15,2,3,2221,3,3,2,2,1,4,3,20,1,1,1,3,1,1,1
0,1,18,2,4,2389,1,2,4,2,1,1,3,27,3,2,1,3,1,1,1
0,4,12,4,3,3331,1,5,2,3,1,4,2,42,3,2,1,3,1,1,1
0,4,36,2,9,7409,5,5,3,3,1,2,2,37,1,2,2,3,1,1,1
0,1,12,2,3,652,1,5,4,2,1,4,2,24,1,1,1,3,1,1,1
0,4,36,3,3,7678,3,4,2,2,1,4,3,40,1,2,2,3,1,2,1
0,3,6,4,0,1343,1,5,1,3,1,4,1,46,1,2,2,3,2,1,2
0,1,24,4,9,1382,2,4,4,3,1,1,1,26,1,2,2,3,1,2,1
0,4,15,2,5,874,5,2,4,2,1,1,1,24,1,2,1,3,1,1,1
0,1,12,2,3,3590,1,3,2,3,2,2,2,29,4,2,1,2,2,4,1
0,2,11,4,0,1322,4,3,4,2,1,4,3,40,1,2,2,3,1,1,1
0,1,18,1,4,1940,1,2,3,3,2,4,4,36,2,3,1,4,1,2,1
0,4,36,2,4,3595,1,5,4,3,1,2,3,28,1,2,1,3,1,1,1
1,1,9,2,0,1422,1,2,3,3,1,2,4,27,1,3,1,4,1,2,1
0,4,30,4,4,6742,5,4,2,3,1,3,2,36,1,2,2,3,1,1,1
0,4,24,2,1,7814,1,4,3,3,1,3,3,38,1,2,1,4,1,2,1
0,4,24,2,1,9277,5,3,2,1,1,4,4,48,1,3,1,3,1,2,1
0,2,30,4,0,2181,5,5,4,3,1,4,1,36,1,2,2,3,1,1,1
0,4,18,4,4,1098,1,1,4,2,1,4,3,65,1,2,2,1,1,1,1
1,2,24,2,3,4057,1,4,3,1,1,3,3,43,1,2,1,3,1,2,1
1,1,12,2,7,795,1,2,4,2,1,4,2,53,1,2,1,3,1,1,1
0,2,24,4,9,2825,5,4,4,3,1,3,4,34,1,2,2,3,2,2,1
1,2,48,2,9,15672,1,3,2,3,1,2,3,23,1,2,1,3,1,2,1
0,4,36,4,0,6614,1,5,4,3,1,4,3,34,1,2,2,4,1,2,1
0,4,28,1,1,7824,5,2,3,3,3,4,1,40,2,1,2,3,2,2,1
0,1,27,4,9,2442,1,5,4,3,1,4,3,43,3,2,4,4,2,2,1
0,4,15,4,4,1829,1,5,4,3,1,4,3,46,1,2,2,3,1,2,1
0,1,12,4,0,2171,1,3,4,3,1,4,2,38,2,2,2,2,1,1,2
0,2,36,4,1,5800,1,3,3,3,1,4,3,34,1,2,2,3,1,2,1
0,4,18,4,4,1169,5,3,4,3,1,3,2,29,1,2,2,3,1,2,1
0,4,36,3,1,8947,5,4,3,3,1,2,3,31,3,2,1,4,2,2,1
0,1,21,2,4,2606,1,2,4,2,1,4,2,28,1,1,1,4,1,2,1
0,4,12,4,3,1592,4,4,3,2,1,2,2,35,1,2,1,3,1,1,2
0,4,15,2,3,2186,5,4,1,2,1,4,1,33,2,1,1,2,1,1,1
1,1,18,2,3,4153,1,3,2,3,2,3,3,42,4,2,1,3,1,4,1
1,1,16,4,0,2625,1,5,2,3,3,4,2,43,2,1,1,3,1,2,1
0,4,20,4,0,3485,5,2,2,1,1,4,1,44,1,2,2,3,1,2,1
0,4,36,4,1,10477,5,5,2,3,1,4,4,42,1,3,2,3,1,1,1
0,4,15,2,4,1386,5,3,4,4,1,2,1,40,1,1,1,3,1,2,1
0,4,24,2,4,1278,1,5,4,3,1,1,1,36,1,2,1,4,1,2,1
0,1,12,2,4,1107,1,3,2,3,1,2,1,20,1,1,1,4,2,2,1
0,1,21,2,0,3763,5,4,2,3,2,2,1,24,4,2,1,2,1,4,2
0,2,36,2,7,3711,5,3,2,4,1,2,3,27,1,2,1,3,1,1,1
0,4,15,3,1,3594,1,2,1,2,1,2,2,46,1,2,2,2,1,1,1
0,2,9,2,0,3195,5,3,1,2,1,2,1,33,1,2,1,2,1,1,1
0,4,36,3,4,4454,1,3,4,2,1,4,1,34,1,2,2,3,1,1,1
1,2,24,4,3,4736,1,2,2,2,1,4,3,25,2,2,1,2,1,1,1
0,2,30,2,4,2991,5,5,2,2,1,4,3,25,1,2,1,3,1,1,1
0,4,11,2,9,2142,4,5,1,1,1,2,1,28,1,2,1,3,1,2,1
1,1,24,1,9,3161,1,3,4,3,1,2,2,31,1,1,1,3,1,2,1
1,2,48,0,2,18424,1,3,1,2,1,2,2,32,2,2,1,4,1,2,2
0,4,10,2,1,2848,2,3,1,3,2,2,1,32,4,2,1,3,2,4,1
1,1,6,2,0,14896,1,5,1,3,1,4,4,68,2,2,1,4,1,2,1
1,1,24,2,3,2359,2,1,1,1,1,1,2,33,1,2,1,3,1,1,1
1,1,24,2,3,3345,1,5,4,3,1,2,2,39,1,1,1,4,1,2,1
0,4,18,4,3,1817,1,3,4,2,1,2,4,28,1,2,2,3,1,1,1
0,4,48,3,4,12749,3,4,4,3,1,1,3,37,1,2,1,4,1,2,1
1,1,9,2,4,1366,1,2,3,2,1,4,2,22,1,1,1,3,1,1,1
0,2,12,2,0,2002,1,4,3,3,1,4,2,30,1,1,1,3,2,2,1
1,1,24,1,3,6872,1,2,2,1,1,1,2,55,2,2,1,3,1,2,1
1,1,12,1,0,697,1,2,4,3,1,2,3,46,2,2,2,3,1,2,1
0,1,18,4,3,1049,1,2,4,2,1,4,2,21,1,1,1,3,1,1,1
1,1,48,2,1,10297,1,4,4,3,1,4,4,39,3,3,3,3,2,2,1
0,4,30,2,4,1867,5,5,4,3,1,4,3,58,1,2,1,3,1,2,1
0,1,12,3,0,1344,1,3,4,3,1,2,1,43,1,2,2,2,2,1,1
0,1,24,2,3,1747,1,2,4,3,2,1,2,24,4,2,1,2,1,4,2
1,2,9,2,4,1670,1,2,4,2,1,2,3,22,1,2,1,3,1,2,1
0,4,9,4,0,1224,1,3,3,3,1,1,1,30,1,2,2,3,1,1,1
0,4,12,4,4,522,3,5,4,3,1,4,2,42,1,2,2,3,2,2,1
0,1,12,2,4,1498,1,3,4,2,1,1,3,23,2,2,1,3,1,1,1
1,2,30,3,4,1919,2,2,4,3,1,3,4,30,3,2,2,4,1,1,1
1,3,9,2,4,745,1,3,3,2,1,2,1,28,1,2,1,2,1,1,1
0,2,6,2,4,2063,1,2,4,4,1,3,3,30,1,1,1,4,1,2,1
1,2,60,2,7,6288,1,3,4,3,1,4,4,42,1,3,1,3,1,1,1
0,4,24,4,1,6842,5,3,2,3,1,4,2,46,1,2,2,4,2,2,1
0,4,12,2,0,3527,5,2,2,3,1,3,2,45,1,2,1,4,2,2,1
0,4,10,2,0,1546,1,3,3,3,1,2,1,31,1,2,1,2,2,1,2
0,4,24,2,3,929,5,4,4,3,1,2,3,31,3,2,1,3,1,2,1
0,4,4,4,0,1455,1,4,2,3,1,1,1,42,1,2,3,2,2,1,1
0,1,15,2,3,1845,1,2,4,2,3,1,2,46,4,1,1,3,1,4,1
0,2,48,0,0,8358,3,2,1,2,1,1,3,30,1,2,2,3,1,1,1
1,1,24,1,3,3349,3,2,4,3,1,4,4,30,1,3,1,3,2,2,1
0,4,12,2,0,2859,5,1,4,3,1,4,4,38,1,2,1,4,1,2,1
1,4,18,2,3,1533,1,2,4,4,2,1,2,43,4,2,1,2,2,4,1
1,4,24,2,4,3621,2,5,2,3,1,4,3,31,1,2,2,3,1,1,1
0,2,18,4,9,3590,1,1,3,4,1,3,3,40,1,2,3,1,2,2,1
1,1,36,3,9,2145,1,4,2,3,1,1,3,24,1,2,2,3,1,2,1
1,2,24,2,1,4113,3,2,3,2,1,4,3,28,1,1,1,3,1,1,1
1,4,36,2,3,10974,1,1,4,2,1,2,3,26,1,2,2,4,1,2,1
0,1,12,2,0,1893,1,3,4,2,3,4,2,29,4,2,1,3,1,2,1
0,1,24,4,4,1231,4,5,4,2,1,4,2,57,1,1,2,4,1,2,1
0,3,30,4,4,3656,5,5,4,3,1,4,2,49,3,2,2,2,1,1,1
0,2,9,4,4,1154,1,5,2,3,1,4,1,37,1,2,3,2,1,1,1
1,1,28,2,0,4006,1,3,3,3,1,2,3,45,1,2,1,2,1,1,1
0,2,24,2,3,3069,2,5,4,3,1,4,4,30,1,3,1,3,1,1,1
0,4,6,4,4,1740,1,5,2,4,1,2,1,30,1,1,2,3,1,1,1
0,2,21,3,0,2353,1,3,1,1,1,4,2,47,1,2,2,3,1,1,1
0,4,15,2,0,3556,5,3,3,3,1,2,4,29,1,2,1,3,1,1,1
1,4,24,2,4,2397,3,5,3,3,1,2,3,35,2,2,2,3,1,2,1
0,2,6,2,6,454,1,2,3,4,1,1,2,22,1,2,1,2,1,1,1
0,2,30,2,4,1715,5,3,4,2,1,1,3,26,1,2,1,3,1,1,1
1,2,27,4,4,2520,3,3,4,3,1,2,2,23,1,2,2,2,1,1,1
0,4,15,2,4,3568,1,5,4,2,1,2,3,54,2,1,1,4,1,2,1
0,4,42,2,4,7166,5,4,2,4,1,4,2,29,1,1,1,3,1,2,1
0,1,11,4,0,3939,1,3,1,3,1,2,1,40,1,2,2,2,2,1,1
0,2,15,2,6,1514,2,3,4,3,3,2,1,22,4,2,1,3,1,4,1
0,4,24,2,0,7393,1,3,1,3,1,4,2,43,1,2,1,2,2,1,1
1,1,24,1,0,1193,1,1,1,2,2,4,4,29,4,1,2,1,1,4,1
1,1,60,2,9,7297,1,5,4,3,2,4,4,36,4,1,1,3,1,4,1
0,4,30,4,4,2831,1,3,4,2,1,2,3,33,1,2,1,3,1,2,1
0,3,24,2,4,1258,3,3,3,2,1,3,3,57,1,2,1,2,1,1,1
0,2,6,2,4,753,1,3,2,2,3,3,1,64,4,2,1,3,1,4,1
0,2,18,3,9,2427,5,5,4,3,1,2,2,42,1,2,2,3,1,1,1
1,4,24,3,0,2538,1,5,4,3,1,4,3,47,1,2,2,2,2,1,1
1,2,15,1,0,1264,2,3,2,4,1,2,2,25,1,1,1,3,1,1,1
1,2,30,4,3,8386,1,4,2,3,1,2,2,49,1,2,1,3,1,1,1
1,4,48,2,9,4844,1,1,3,3,1,2,3,33,2,1,1,4,1,2,1
0,3,21,2,0,2923,2,3,1,2,1,1,3,28,2,2,1,4,1,2,1
1,1,36,2,1,8229,1,3,2,3,1,2,2,26,1,2,1,3,2,1,1
0,4,24,4,3,2028,1,4,2,3,1,2,2,30,1,2,2,2,1,1,1
0,1,15,4,3,1433,1,3,4,2,1,3,2,25,1,1,2,3,1,1,1
0,3,42,0,9,6289,1,2,2,1,1,1,2,33,1,2,2,3,1,1,1
0,4,13,2,4,1409,2,1,2,2,1,4,1,64,1,2,1,3,1,1,1
0,1,24,2,1,6579,1,1,4,3,1,2,4,29,1,3,1,4,1,2,1
0,2,24,4,4,1743,1,5,4,3,1,2,2,48,1,2,2,2,1,1,1
0,4,12,4,7,3565,5,2,2,3,1,1,2,37,1,2,2,2,2,1,1
0,4,15,1,4,1569,2,5,4,3,1,4,3,34,2,2,1,2,2,1,1
0,1,18,2,4,1936,5,4,2,4,1,4,3,23,1,1,2,2,1,1,1
0,1,36,2,3,3959,1,1,4,3,1,3,2,30,1,2,1,4,1,2,1
0,4,12,2,0,2390,5,5,4,3,1,3,3,50,1,2,1,3,1,2,1
0,4,12,2,3,1736,1,4,3,2,1,4,1,31,1,2,1,2,1,1,1
0,1,30,2,1,3857,1,3,4,1,1,4,2,40,1,2,1,4,1,2,1
0,4,12,2,4,804,1,5,4,3,1,4,3,38,1,2,1,3,1,1,1
1,1,45,2,4,1845,1,3,4,3,1,4,4,23,1,3,1,3,1,2,1
0,2,45,4,1,4576,2,1,3,3,1,4,3,27,1,2,1,3,1,1,1
